System,Subject,Category,Item,Year,No. of Cases
CPR,Newly Registered Child Protection Cases,Types of Harm/Maltreatment,Physical abuse,2005,413
CPR,Newly Registered Child Protection Cases,Types of Harm/Maltreatment,Neglect,2005,41
CPR,Newly Registered Child Protection Cases,Types of Harm/Maltreatment,Sexual abuse,2005,234
CPR,Newly Registered Child Protection Cases,Types of Harm/Maltreatment,Psychological  abuse,2005,23
CPR,Newly Registered Child Protection Cases,Types of Harm/Maltreatment,Multiple abuse,2005,52
CPR,Newly Registered Child Protection Cases,Sex of Maltreated Child,Female,2005,462
CPR,Newly Registered Child Protection Cases,Sex of Maltreated Child,Male,2005,301
CPR,Newly Registered Child Protection Cases,Perpetrator's Relationship with Maltreated Child,Parent,2005,454
CPR,Newly Registered Child Protection Cases,Perpetrator's Relationship with Maltreated Child,Sibling ,2005,24
CPR,Newly Registered Child Protection Cases,Perpetrator's Relationship with Maltreated Child,Step-parent,2005,12
CPR,Newly Registered Child Protection Cases,Perpetrator's Relationship with Maltreated Child,Grandparent,2005,36
CPR,Newly Registered Child Protection Cases,Perpetrator's Relationship with Maltreated Child,Relative,2005,21
CPR,Newly Registered Child Protection Cases,Perpetrator's Relationship with Maltreated Child,Family friend / Friend,2005,35
CPR,Newly Registered Child Protection Cases,Perpetrator's Relationship with Maltreated Child,Family friend / Parent of peer,2005,
CPR,Newly Registered Child Protection Cases,Perpetrator's Relationship with Maltreated Child,Caregiver,2005,20
CPR,Newly Registered Child Protection Cases,Perpetrator's Relationship with Maltreated Child,Teacher,2005,3
CPR,Newly Registered Child Protection Cases,Perpetrator's Relationship with Maltreated Child,School teacher / personnel,2005,
CPR,Newly Registered Child Protection Cases,Perpetrator's Relationship with Maltreated Child,Staff of boarding section of school,2005,
CPR,Newly Registered Child Protection Cases,Perpetrator's Relationship with Maltreated Child,Tutor / Coach,2005,12
CPR,Newly Registered Child Protection Cases,Perpetrator's Relationship with Maltreated Child,Religious personnel,2005,
CPR,Newly Registered Child Protection Cases,Perpetrator's Relationship with Maltreated Child,Schoolmate / friend / peer,2005,
CPR,Newly Registered Child Protection Cases,Perpetrator's Relationship with Maltreated Child,Co-tenant / Neighbour,2005,16
CPR,Newly Registered Child Protection Cases,Perpetrator's Relationship with Maltreated Child,Inmate of residential service,2005,
CPR,Newly Registered Child Protection Cases,Perpetrator's Relationship with Maltreated Child,Unrelated person (including strangers) ,2005,81
CPR,Newly Registered Child Protection Cases,Perpetrator's Relationship with Maltreated Child,Unidentified Person / Others,2005,
CPR,Newly Registered Child Protection Cases,Perpetrator's Relationship with Maltreated Child,Unidentified person,2005,0
CPR,Newly Registered Child Protection Cases,Perpetrator's Relationship with Maltreated Child,Other,2005,
CPR,Newly Registered Child Protection Cases,District Where Maltreatment Incident Happened,Central & Western,2005,7
CPR,Newly Registered Child Protection Cases,District Where Maltreatment Incident Happened,Southern,2005,12
CPR,Newly Registered Child Protection Cases,District Where Maltreatment Incident Happened,Islands,2005,14
CPR,Newly Registered Child Protection Cases,District Where Maltreatment Incident Happened,Eastern,2005,31
CPR,Newly Registered Child Protection Cases,District Where Maltreatment Incident Happened,Wan Chai,2005,2
CPR,Newly Registered Child Protection Cases,District Where Maltreatment Incident Happened,Kowloon City,2005,21
CPR,Newly Registered Child Protection Cases,District Where Maltreatment Incident Happened,Yau Tsim Mong,2005,23
CPR,Newly Registered Child Protection Cases,District Where Maltreatment Incident Happened,Sham Shui Po,2005,39
CPR,Newly Registered Child Protection Cases,District Where Maltreatment Incident Happened,Wong Tai Sin,2005,26
CPR,Newly Registered Child Protection Cases,District Where Maltreatment Incident Happened,Sai Kung,2005,38
CPR,Newly Registered Child Protection Cases,District Where Maltreatment Incident Happened,Kwun Tong,2005,78
CPR,Newly Registered Child Protection Cases,District Where Maltreatment Incident Happened,Shatin,2005,43
CPR,Newly Registered Child Protection Cases,District Where Maltreatment Incident Happened,Tai Po,2005,37
CPR,Newly Registered Child Protection Cases,District Where Maltreatment Incident Happened,North,2005,41
CPR,Newly Registered Child Protection Cases,District Where Maltreatment Incident Happened,Yuen Long,2005,133
CPR,Newly Registered Child Protection Cases,District Where Maltreatment Incident Happened,Tsuen Wan,2005,29
CPR,Newly Registered Child Protection Cases,District Where Maltreatment Incident Happened,Kwai Tsing,2005,50
CPR,Newly Registered Child Protection Cases,District Where Maltreatment Incident Happened,Tuen Mun,2005,102
CPR,Newly Registered Child Protection Cases,District Where Maltreatment Incident Happened,Outside Hong Kong,2005,15
CPR,Newly Registered Child Protection Cases,District Where Maltreatment Incident Happened,Unknown,2005,22
CPR,Newly Registered Child Protection Cases,Types of Harm/Maltreatment,Physical abuse,2006,438
CPR,Newly Registered Child Protection Cases,Types of Harm/Maltreatment,Neglect,2006,77
CPR,Newly Registered Child Protection Cases,Types of Harm/Maltreatment,Sexual abuse,2006,233
CPR,Newly Registered Child Protection Cases,Types of Harm/Maltreatment,Psychological  abuse,2006,12
CPR,Newly Registered Child Protection Cases,Types of Harm/Maltreatment,Multiple abuse,2006,46
CPR,Newly Registered Child Protection Cases,Sex of Maltreated Child,Female,2006,467
CPR,Newly Registered Child Protection Cases,Sex of Maltreated Child,Male,2006,339
CPR,Newly Registered Child Protection Cases,Perpetrator's Relationship with Maltreated Child,Parent,2006,521
CPR,Newly Registered Child Protection Cases,Perpetrator's Relationship with Maltreated Child,Sibling ,2006,30
CPR,Newly Registered Child Protection Cases,Perpetrator's Relationship with Maltreated Child,Step-parent,2006,9
CPR,Newly Registered Child Protection Cases,Perpetrator's Relationship with Maltreated Child,Grandparent,2006,27
CPR,Newly Registered Child Protection Cases,Perpetrator's Relationship with Maltreated Child,Relative,2006,25
CPR,Newly Registered Child Protection Cases,Perpetrator's Relationship with Maltreated Child,Family friend / Friend,2006,43
CPR,Newly Registered Child Protection Cases,Perpetrator's Relationship with Maltreated Child,Family friend / Parent of peer,2006,
CPR,Newly Registered Child Protection Cases,Perpetrator's Relationship with Maltreated Child,Caregiver,2006,14
CPR,Newly Registered Child Protection Cases,Perpetrator's Relationship with Maltreated Child,Teacher,2006,5
CPR,Newly Registered Child Protection Cases,Perpetrator's Relationship with Maltreated Child,School teacher / personnel,2006,
CPR,Newly Registered Child Protection Cases,Perpetrator's Relationship with Maltreated Child,Staff of boarding section of school,2006,
CPR,Newly Registered Child Protection Cases,Perpetrator's Relationship with Maltreated Child,Tutor / Coach,2006,8
CPR,Newly Registered Child Protection Cases,Perpetrator's Relationship with Maltreated Child,Religious personnel,2006,
CPR,Newly Registered Child Protection Cases,Perpetrator's Relationship with Maltreated Child,Schoolmate / friend / peer,2006,
CPR,Newly Registered Child Protection Cases,Perpetrator's Relationship with Maltreated Child,Co-tenant / Neighbour,2006,10
CPR,Newly Registered Child Protection Cases,Perpetrator's Relationship with Maltreated Child,Inmate of residential service,2006,
CPR,Newly Registered Child Protection Cases,Perpetrator's Relationship with Maltreated Child,Unrelated person (including strangers) ,2006,79
CPR,Newly Registered Child Protection Cases,Perpetrator's Relationship with Maltreated Child,Unidentified Person / Others,2006,
CPR,Newly Registered Child Protection Cases,Perpetrator's Relationship with Maltreated Child,Unidentified person,2006,3
CPR,Newly Registered Child Protection Cases,Perpetrator's Relationship with Maltreated Child,Other,2006,
CPR,Newly Registered Child Protection Cases,District Where Maltreatment Incident Happened,Central & Western,2006,8
CPR,Newly Registered Child Protection Cases,District Where Maltreatment Incident Happened,Southern,2006,19
CPR,Newly Registered Child Protection Cases,District Where Maltreatment Incident Happened,Islands,2006,17
CPR,Newly Registered Child Protection Cases,District Where Maltreatment Incident Happened,Eastern,2006,9
CPR,Newly Registered Child Protection Cases,District Where Maltreatment Incident Happened,Wan Chai,2006,34
CPR,Newly Registered Child Protection Cases,District Where Maltreatment Incident Happened,Kowloon City,2006,37
CPR,Newly Registered Child Protection Cases,District Where Maltreatment Incident Happened,Yau Tsim Mong,2006,32
CPR,Newly Registered Child Protection Cases,District Where Maltreatment Incident Happened,Sham Shui Po,2006,59
CPR,Newly Registered Child Protection Cases,District Where Maltreatment Incident Happened,Wong Tai Sin,2006,35
CPR,Newly Registered Child Protection Cases,District Where Maltreatment Incident Happened,Sai Kung,2006,27
CPR,Newly Registered Child Protection Cases,District Where Maltreatment Incident Happened,Kwun Tong,2006,72
CPR,Newly Registered Child Protection Cases,District Where Maltreatment Incident Happened,Shatin,2006,32
CPR,Newly Registered Child Protection Cases,District Where Maltreatment Incident Happened,Tai Po,2006,23
CPR,Newly Registered Child Protection Cases,District Where Maltreatment Incident Happened,North,2006,26
CPR,Newly Registered Child Protection Cases,District Where Maltreatment Incident Happened,Yuen Long,2006,127
CPR,Newly Registered Child Protection Cases,District Where Maltreatment Incident Happened,Tsuen Wan,2006,36
CPR,Newly Registered Child Protection Cases,District Where Maltreatment Incident Happened,Kwai Tsing,2006,78
CPR,Newly Registered Child Protection Cases,District Where Maltreatment Incident Happened,Tuen Mun,2006,102
CPR,Newly Registered Child Protection Cases,District Where Maltreatment Incident Happened,Outside Hong Kong,2006,6
CPR,Newly Registered Child Protection Cases,District Where Maltreatment Incident Happened,Unknown,2006,27
CPR,Newly Registered Child Protection Cases,Types of Harm/Maltreatment,Physical abuse,2007,499
CPR,Newly Registered Child Protection Cases,Types of Harm/Maltreatment,Neglect,2007,114
CPR,Newly Registered Child Protection Cases,Types of Harm/Maltreatment,Sexual abuse,2007,270
CPR,Newly Registered Child Protection Cases,Types of Harm/Maltreatment,Psychological  abuse,2007,20
CPR,Newly Registered Child Protection Cases,Types of Harm/Maltreatment,Multiple abuse,2007,41
CPR,Newly Registered Child Protection Cases,Sex of Maltreated Child,Female,2007,571
CPR,Newly Registered Child Protection Cases,Sex of Maltreated Child,Male,2007,373
CPR,Newly Registered Child Protection Cases,Perpetrator's Relationship with Maltreated Child,Parent,2007,581
CPR,Newly Registered Child Protection Cases,Perpetrator's Relationship with Maltreated Child,Sibling ,2007,16
CPR,Newly Registered Child Protection Cases,Perpetrator's Relationship with Maltreated Child,Step-parent,2007,9
CPR,Newly Registered Child Protection Cases,Perpetrator's Relationship with Maltreated Child,Grandparent,2007,29
CPR,Newly Registered Child Protection Cases,Perpetrator's Relationship with Maltreated Child,Relative,2007,17
CPR,Newly Registered Child Protection Cases,Perpetrator's Relationship with Maltreated Child,Family friend / Friend,2007,52
CPR,Newly Registered Child Protection Cases,Perpetrator's Relationship with Maltreated Child,Family friend / Parent of peer,2007,
CPR,Newly Registered Child Protection Cases,Perpetrator's Relationship with Maltreated Child,Caregiver,2007,23
CPR,Newly Registered Child Protection Cases,Perpetrator's Relationship with Maltreated Child,Teacher,2007,6
CPR,Newly Registered Child Protection Cases,Perpetrator's Relationship with Maltreated Child,School teacher / personnel,2007,
CPR,Newly Registered Child Protection Cases,Perpetrator's Relationship with Maltreated Child,Staff of boarding section of school,2007,
CPR,Newly Registered Child Protection Cases,Perpetrator's Relationship with Maltreated Child,Tutor / Coach,2007,5
CPR,Newly Registered Child Protection Cases,Perpetrator's Relationship with Maltreated Child,Religious personnel,2007,
CPR,Newly Registered Child Protection Cases,Perpetrator's Relationship with Maltreated Child,Schoolmate / friend / peer,2007,
CPR,Newly Registered Child Protection Cases,Perpetrator's Relationship with Maltreated Child,Co-tenant / Neighbour,2007,11
CPR,Newly Registered Child Protection Cases,Perpetrator's Relationship with Maltreated Child,Inmate of residential service,2007,
CPR,Newly Registered Child Protection Cases,Perpetrator's Relationship with Maltreated Child,Unrelated person (including strangers) ,2007,114
CPR,Newly Registered Child Protection Cases,Perpetrator's Relationship with Maltreated Child,Unidentified Person / Others,2007,
CPR,Newly Registered Child Protection Cases,Perpetrator's Relationship with Maltreated Child,Unidentified person,2007,3
CPR,Newly Registered Child Protection Cases,Perpetrator's Relationship with Maltreated Child,Other,2007,
CPR,Newly Registered Child Protection Cases,District Where Maltreatment Incident Happened,Central & Western,2007,9
CPR,Newly Registered Child Protection Cases,District Where Maltreatment Incident Happened,Southern,2007,20
CPR,Newly Registered Child Protection Cases,District Where Maltreatment Incident Happened,Islands,2007,14
CPR,Newly Registered Child Protection Cases,District Where Maltreatment Incident Happened,Eastern,2007,25
CPR,Newly Registered Child Protection Cases,District Where Maltreatment Incident Happened,Wan Chai,2007,12
CPR,Newly Registered Child Protection Cases,District Where Maltreatment Incident Happened,Kowloon City,2007,49
CPR,Newly Registered Child Protection Cases,District Where Maltreatment Incident Happened,Yau Tsim Mong,2007,44
CPR,Newly Registered Child Protection Cases,District Where Maltreatment Incident Happened,Sham Shui Po,2007,56
CPR,Newly Registered Child Protection Cases,District Where Maltreatment Incident Happened,Wong Tai Sin,2007,60
CPR,Newly Registered Child Protection Cases,District Where Maltreatment Incident Happened,Sai Kung,2007,51
CPR,Newly Registered Child Protection Cases,District Where Maltreatment Incident Happened,Kwun Tong,2007,77
CPR,Newly Registered Child Protection Cases,District Where Maltreatment Incident Happened,Shatin,2007,48
CPR,Newly Registered Child Protection Cases,District Where Maltreatment Incident Happened,Tai Po,2007,21
CPR,Newly Registered Child Protection Cases,District Where Maltreatment Incident Happened,North,2007,47
CPR,Newly Registered Child Protection Cases,District Where Maltreatment Incident Happened,Yuen Long,2007,144
CPR,Newly Registered Child Protection Cases,District Where Maltreatment Incident Happened,Tsuen Wan,2007,39
CPR,Newly Registered Child Protection Cases,District Where Maltreatment Incident Happened,Kwai Tsing,2007,72
CPR,Newly Registered Child Protection Cases,District Where Maltreatment Incident Happened,Tuen Mun,2007,110
CPR,Newly Registered Child Protection Cases,District Where Maltreatment Incident Happened,Outside Hong Kong,2007,7
CPR,Newly Registered Child Protection Cases,District Where Maltreatment Incident Happened,Unknown,2007,39
CPR,Newly Registered Child Protection Cases,Types of Harm/Maltreatment,Physical abuse,2008,483
CPR,Newly Registered Child Protection Cases,Types of Harm/Maltreatment,Neglect,2008,78
CPR,Newly Registered Child Protection Cases,Types of Harm/Maltreatment,Sexual abuse,2008,277
CPR,Newly Registered Child Protection Cases,Types of Harm/Maltreatment,Psychological  abuse,2008,15
CPR,Newly Registered Child Protection Cases,Types of Harm/Maltreatment,Multiple abuse,2008,29
CPR,Newly Registered Child Protection Cases,Sex of Maltreated Child,Female,2008,508
CPR,Newly Registered Child Protection Cases,Sex of Maltreated Child,Male,2008,374
CPR,Newly Registered Child Protection Cases,Perpetrator's Relationship with Maltreated Child,Parent,2008,535
CPR,Newly Registered Child Protection Cases,Perpetrator's Relationship with Maltreated Child,Sibling ,2008,26
CPR,Newly Registered Child Protection Cases,Perpetrator's Relationship with Maltreated Child,Step-parent,2008,12
CPR,Newly Registered Child Protection Cases,Perpetrator's Relationship with Maltreated Child,Grandparent,2008,33
CPR,Newly Registered Child Protection Cases,Perpetrator's Relationship with Maltreated Child,Relative,2008,16
CPR,Newly Registered Child Protection Cases,Perpetrator's Relationship with Maltreated Child,Family friend / Friend,2008,62
CPR,Newly Registered Child Protection Cases,Perpetrator's Relationship with Maltreated Child,Family friend / Parent of peer,2008,
CPR,Newly Registered Child Protection Cases,Perpetrator's Relationship with Maltreated Child,Caregiver,2008,20
CPR,Newly Registered Child Protection Cases,Perpetrator's Relationship with Maltreated Child,Teacher,2008,5
CPR,Newly Registered Child Protection Cases,Perpetrator's Relationship with Maltreated Child,School teacher / personnel,2008,
CPR,Newly Registered Child Protection Cases,Perpetrator's Relationship with Maltreated Child,Staff of boarding section of school,2008,
CPR,Newly Registered Child Protection Cases,Perpetrator's Relationship with Maltreated Child,Tutor / Coach,2008,13
CPR,Newly Registered Child Protection Cases,Perpetrator's Relationship with Maltreated Child,Religious personnel,2008,
CPR,Newly Registered Child Protection Cases,Perpetrator's Relationship with Maltreated Child,Schoolmate / friend / peer,2008,
CPR,Newly Registered Child Protection Cases,Perpetrator's Relationship with Maltreated Child,Co-tenant / Neighbour,2008,7
CPR,Newly Registered Child Protection Cases,Perpetrator's Relationship with Maltreated Child,Inmate of residential service,2008,
CPR,Newly Registered Child Protection Cases,Perpetrator's Relationship with Maltreated Child,Unrelated person (including strangers) ,2008,84
CPR,Newly Registered Child Protection Cases,Perpetrator's Relationship with Maltreated Child,Unidentified Person / Others,2008,
CPR,Newly Registered Child Protection Cases,Perpetrator's Relationship with Maltreated Child,Unidentified person,2008,15
CPR,Newly Registered Child Protection Cases,Perpetrator's Relationship with Maltreated Child,Other,2008,
CPR,Newly Registered Child Protection Cases,District Where Maltreatment Incident Happened,Central & Western,2008,8
CPR,Newly Registered Child Protection Cases,District Where Maltreatment Incident Happened,Southern,2008,17
CPR,Newly Registered Child Protection Cases,District Where Maltreatment Incident Happened,Islands,2008,20
CPR,Newly Registered Child Protection Cases,District Where Maltreatment Incident Happened,Eastern,2008,33
CPR,Newly Registered Child Protection Cases,District Where Maltreatment Incident Happened,Wan Chai,2008,4
CPR,Newly Registered Child Protection Cases,District Where Maltreatment Incident Happened,Kowloon City,2008,39
CPR,Newly Registered Child Protection Cases,District Where Maltreatment Incident Happened,Yau Tsim Mong,2008,32
CPR,Newly Registered Child Protection Cases,District Where Maltreatment Incident Happened,Sham Shui Po,2008,62
CPR,Newly Registered Child Protection Cases,District Where Maltreatment Incident Happened,Wong Tai Sin,2008,46
CPR,Newly Registered Child Protection Cases,District Where Maltreatment Incident Happened,Sai Kung,2008,39
CPR,Newly Registered Child Protection Cases,District Where Maltreatment Incident Happened,Kwun Tong,2008,72
CPR,Newly Registered Child Protection Cases,District Where Maltreatment Incident Happened,Shatin,2008,68
CPR,Newly Registered Child Protection Cases,District Where Maltreatment Incident Happened,Tai Po,2008,27
CPR,Newly Registered Child Protection Cases,District Where Maltreatment Incident Happened,North,2008,38
CPR,Newly Registered Child Protection Cases,District Where Maltreatment Incident Happened,Yuen Long,2008,124
CPR,Newly Registered Child Protection Cases,District Where Maltreatment Incident Happened,Tsuen Wan,2008,28
CPR,Newly Registered Child Protection Cases,District Where Maltreatment Incident Happened,Kwai Tsing,2008,68
CPR,Newly Registered Child Protection Cases,District Where Maltreatment Incident Happened,Tuen Mun,2008,94
CPR,Newly Registered Child Protection Cases,District Where Maltreatment Incident Happened,Outside Hong Kong,2008,14
CPR,Newly Registered Child Protection Cases,District Where Maltreatment Incident Happened,Unknown,2008,49
CPR,Newly Registered Child Protection Cases,Types of Harm/Maltreatment,Physical abuse,2009,503
CPR,Newly Registered Child Protection Cases,Types of Harm/Maltreatment,Neglect,2009,102
CPR,Newly Registered Child Protection Cases,Types of Harm/Maltreatment,Sexual abuse,2009,331
CPR,Newly Registered Child Protection Cases,Types of Harm/Maltreatment,Psychological  abuse,2009,15
CPR,Newly Registered Child Protection Cases,Types of Harm/Maltreatment,Multiple abuse,2009,42
CPR,Newly Registered Child Protection Cases,Sex of Maltreated Child,Female,2009,589
CPR,Newly Registered Child Protection Cases,Sex of Maltreated Child,Male,2009,404
CPR,Newly Registered Child Protection Cases,Perpetrator's Relationship with Maltreated Child,Parent,2009,569
CPR,Newly Registered Child Protection Cases,Perpetrator's Relationship with Maltreated Child,Sibling ,2009,27
CPR,Newly Registered Child Protection Cases,Perpetrator's Relationship with Maltreated Child,Step-parent,2009,12
CPR,Newly Registered Child Protection Cases,Perpetrator's Relationship with Maltreated Child,Grandparent,2009,34
CPR,Newly Registered Child Protection Cases,Perpetrator's Relationship with Maltreated Child,Relative,2009,23
CPR,Newly Registered Child Protection Cases,Perpetrator's Relationship with Maltreated Child,Family friend / Friend,2009,79
CPR,Newly Registered Child Protection Cases,Perpetrator's Relationship with Maltreated Child,Family friend / Parent of peer,2009,
CPR,Newly Registered Child Protection Cases,Perpetrator's Relationship with Maltreated Child,Caregiver,2009,28
CPR,Newly Registered Child Protection Cases,Perpetrator's Relationship with Maltreated Child,Teacher,2009,14
CPR,Newly Registered Child Protection Cases,Perpetrator's Relationship with Maltreated Child,School teacher / personnel,2009,
CPR,Newly Registered Child Protection Cases,Perpetrator's Relationship with Maltreated Child,Staff of boarding section of school,2009,
CPR,Newly Registered Child Protection Cases,Perpetrator's Relationship with Maltreated Child,Tutor / Coach,2009,14
CPR,Newly Registered Child Protection Cases,Perpetrator's Relationship with Maltreated Child,Religious personnel,2009,
CPR,Newly Registered Child Protection Cases,Perpetrator's Relationship with Maltreated Child,Schoolmate / friend / peer,2009,
CPR,Newly Registered Child Protection Cases,Perpetrator's Relationship with Maltreated Child,Co-tenant / Neighbour,2009,9
CPR,Newly Registered Child Protection Cases,Perpetrator's Relationship with Maltreated Child,Inmate of residential service,2009,
CPR,Newly Registered Child Protection Cases,Perpetrator's Relationship with Maltreated Child,Unrelated person (including strangers) ,2009,103
CPR,Newly Registered Child Protection Cases,Perpetrator's Relationship with Maltreated Child,Unidentified Person / Others,2009,
CPR,Newly Registered Child Protection Cases,Perpetrator's Relationship with Maltreated Child,Unidentified person,2009,29
CPR,Newly Registered Child Protection Cases,Perpetrator's Relationship with Maltreated Child,Other,2009,
CPR,Newly Registered Child Protection Cases,District Where Maltreatment Incident Happened,Central & Western,2009,19
CPR,Newly Registered Child Protection Cases,District Where Maltreatment Incident Happened,Southern,2009,21
CPR,Newly Registered Child Protection Cases,District Where Maltreatment Incident Happened,Islands,2009,15
CPR,Newly Registered Child Protection Cases,District Where Maltreatment Incident Happened,Eastern,2009,33
CPR,Newly Registered Child Protection Cases,District Where Maltreatment Incident Happened,Wan Chai,2009,10
CPR,Newly Registered Child Protection Cases,District Where Maltreatment Incident Happened,Kowloon City,2009,33
CPR,Newly Registered Child Protection Cases,District Where Maltreatment Incident Happened,Yau Tsim Mong,2009,42
CPR,Newly Registered Child Protection Cases,District Where Maltreatment Incident Happened,Sham Shui Po,2009,51
CPR,Newly Registered Child Protection Cases,District Where Maltreatment Incident Happened,Wong Tai Sin,2009,59
CPR,Newly Registered Child Protection Cases,District Where Maltreatment Incident Happened,Sai Kung,2009,55
CPR,Newly Registered Child Protection Cases,District Where Maltreatment Incident Happened,Kwun Tong,2009,78
CPR,Newly Registered Child Protection Cases,District Where Maltreatment Incident Happened,Shatin,2009,79
CPR,Newly Registered Child Protection Cases,District Where Maltreatment Incident Happened,Tai Po,2009,34
CPR,Newly Registered Child Protection Cases,District Where Maltreatment Incident Happened,North,2009,47
CPR,Newly Registered Child Protection Cases,District Where Maltreatment Incident Happened,Yuen Long,2009,145
CPR,Newly Registered Child Protection Cases,District Where Maltreatment Incident Happened,Tsuen Wan,2009,30
CPR,Newly Registered Child Protection Cases,District Where Maltreatment Incident Happened,Kwai Tsing,2009,63
CPR,Newly Registered Child Protection Cases,District Where Maltreatment Incident Happened,Tuen Mun,2009,117
CPR,Newly Registered Child Protection Cases,District Where Maltreatment Incident Happened,Outside Hong Kong,2009,10
CPR,Newly Registered Child Protection Cases,District Where Maltreatment Incident Happened,Unknown,2009,52
CPR,Newly Registered Child Protection Cases,Types of Harm/Maltreatment,Physical abuse,2010,488
CPR,Newly Registered Child Protection Cases,Types of Harm/Maltreatment,Neglect,2010,113
CPR,Newly Registered Child Protection Cases,Types of Harm/Maltreatment,Sexual abuse,2010,334
CPR,Newly Registered Child Protection Cases,Types of Harm/Maltreatment,Psychological  abuse,2010,18
CPR,Newly Registered Child Protection Cases,Types of Harm/Maltreatment,Multiple abuse,2010,48
CPR,Newly Registered Child Protection Cases,Sex of Maltreated Child,Female,2010,628
CPR,Newly Registered Child Protection Cases,Sex of Maltreated Child,Male,2010,373
CPR,Newly Registered Child Protection Cases,Perpetrator's Relationship with Maltreated Child,Parent,2010,580
CPR,Newly Registered Child Protection Cases,Perpetrator's Relationship with Maltreated Child,Sibling ,2010,13
CPR,Newly Registered Child Protection Cases,Perpetrator's Relationship with Maltreated Child,Step-parent,2010,43
CPR,Newly Registered Child Protection Cases,Perpetrator's Relationship with Maltreated Child,Grandparent,2010,15
CPR,Newly Registered Child Protection Cases,Perpetrator's Relationship with Maltreated Child,Relative,2010,28
CPR,Newly Registered Child Protection Cases,Perpetrator's Relationship with Maltreated Child,Family friend / Friend,2010,66
CPR,Newly Registered Child Protection Cases,Perpetrator's Relationship with Maltreated Child,Family friend / Parent of peer,2010,
CPR,Newly Registered Child Protection Cases,Perpetrator's Relationship with Maltreated Child,Caregiver,2010,25
CPR,Newly Registered Child Protection Cases,Perpetrator's Relationship with Maltreated Child,Teacher,2010,10
CPR,Newly Registered Child Protection Cases,Perpetrator's Relationship with Maltreated Child,School teacher / personnel,2010,
CPR,Newly Registered Child Protection Cases,Perpetrator's Relationship with Maltreated Child,Staff of boarding section of school,2010,
CPR,Newly Registered Child Protection Cases,Perpetrator's Relationship with Maltreated Child,Tutor / Coach,2010,14
CPR,Newly Registered Child Protection Cases,Perpetrator's Relationship with Maltreated Child,Religious personnel,2010,
CPR,Newly Registered Child Protection Cases,Perpetrator's Relationship with Maltreated Child,Schoolmate / friend / peer,2010,
CPR,Newly Registered Child Protection Cases,Perpetrator's Relationship with Maltreated Child,Co-tenant / Neighbour,2010,8
CPR,Newly Registered Child Protection Cases,Perpetrator's Relationship with Maltreated Child,Inmate of residential service,2010,
CPR,Newly Registered Child Protection Cases,Perpetrator's Relationship with Maltreated Child,Unrelated person (including strangers) ,2010,101
CPR,Newly Registered Child Protection Cases,Perpetrator's Relationship with Maltreated Child,Unidentified Person / Others,2010,
CPR,Newly Registered Child Protection Cases,Perpetrator's Relationship with Maltreated Child,Unidentified person,2010,95
CPR,Newly Registered Child Protection Cases,Perpetrator's Relationship with Maltreated Child,Other,2010,
CPR,Newly Registered Child Protection Cases,District Where Maltreatment Incident Happened,Central & Western,2010,18
CPR,Newly Registered Child Protection Cases,District Where Maltreatment Incident Happened,Southern,2010,37
CPR,Newly Registered Child Protection Cases,District Where Maltreatment Incident Happened,Islands,2010,22
CPR,Newly Registered Child Protection Cases,District Where Maltreatment Incident Happened,Eastern,2010,47
CPR,Newly Registered Child Protection Cases,District Where Maltreatment Incident Happened,Wan Chai,2010,14
CPR,Newly Registered Child Protection Cases,District Where Maltreatment Incident Happened,Kowloon City,2010,33
CPR,Newly Registered Child Protection Cases,District Where Maltreatment Incident Happened,Yau Tsim Mong,2010,39
CPR,Newly Registered Child Protection Cases,District Where Maltreatment Incident Happened,Sham Shui Po,2010,49
CPR,Newly Registered Child Protection Cases,District Where Maltreatment Incident Happened,Wong Tai Sin,2010,62
CPR,Newly Registered Child Protection Cases,District Where Maltreatment Incident Happened,Sai Kung,2010,53
CPR,Newly Registered Child Protection Cases,District Where Maltreatment Incident Happened,Kwun Tong,2010,98
CPR,Newly Registered Child Protection Cases,District Where Maltreatment Incident Happened,Shatin,2010,68
CPR,Newly Registered Child Protection Cases,District Where Maltreatment Incident Happened,Tai Po,2010,21
CPR,Newly Registered Child Protection Cases,District Where Maltreatment Incident Happened,North,2010,32
CPR,Newly Registered Child Protection Cases,District Where Maltreatment Incident Happened,Yuen Long,2010,134
CPR,Newly Registered Child Protection Cases,District Where Maltreatment Incident Happened,Tsuen Wan,2010,44
CPR,Newly Registered Child Protection Cases,District Where Maltreatment Incident Happened,Kwai Tsing,2010,65
CPR,Newly Registered Child Protection Cases,District Where Maltreatment Incident Happened,Tuen Mun,2010,115
CPR,Newly Registered Child Protection Cases,District Where Maltreatment Incident Happened,Outside Hong Kong,2010,10
CPR,Newly Registered Child Protection Cases,District Where Maltreatment Incident Happened,Unknown,2010,40
CPR,Newly Registered Child Protection Cases,Types of Harm/Maltreatment,Physical abuse,2011,410
CPR,Newly Registered Child Protection Cases,Types of Harm/Maltreatment,Neglect,2011,105
CPR,Newly Registered Child Protection Cases,Types of Harm/Maltreatment,Sexual abuse,2011,307
CPR,Newly Registered Child Protection Cases,Types of Harm/Maltreatment,Psychological  abuse,2011,18
CPR,Newly Registered Child Protection Cases,Types of Harm/Maltreatment,Multiple abuse,2011,37
CPR,Newly Registered Child Protection Cases,Sex of Maltreated Child,Female,2011,548
CPR,Newly Registered Child Protection Cases,Sex of Maltreated Child,Male,2011,329
CPR,Newly Registered Child Protection Cases,Perpetrator's Relationship with Maltreated Child,Parent,2011,494
CPR,Newly Registered Child Protection Cases,Perpetrator's Relationship with Maltreated Child,Sibling ,2011,12
CPR,Newly Registered Child Protection Cases,Perpetrator's Relationship with Maltreated Child,Step-parent,2011,36
CPR,Newly Registered Child Protection Cases,Perpetrator's Relationship with Maltreated Child,Grandparent,2011,9
CPR,Newly Registered Child Protection Cases,Perpetrator's Relationship with Maltreated Child,Relative,2011,37
CPR,Newly Registered Child Protection Cases,Perpetrator's Relationship with Maltreated Child,Family friend / Friend,2011,57
CPR,Newly Registered Child Protection Cases,Perpetrator's Relationship with Maltreated Child,Family friend / Parent of peer,2011,
CPR,Newly Registered Child Protection Cases,Perpetrator's Relationship with Maltreated Child,Caregiver,2011,25
CPR,Newly Registered Child Protection Cases,Perpetrator's Relationship with Maltreated Child,Teacher,2011,7
CPR,Newly Registered Child Protection Cases,Perpetrator's Relationship with Maltreated Child,School teacher / personnel,2011,
CPR,Newly Registered Child Protection Cases,Perpetrator's Relationship with Maltreated Child,Staff of boarding section of school,2011,
CPR,Newly Registered Child Protection Cases,Perpetrator's Relationship with Maltreated Child,Tutor / Coach,2011,16
CPR,Newly Registered Child Protection Cases,Perpetrator's Relationship with Maltreated Child,Religious personnel,2011,
CPR,Newly Registered Child Protection Cases,Perpetrator's Relationship with Maltreated Child,Schoolmate / friend / peer,2011,
CPR,Newly Registered Child Protection Cases,Perpetrator's Relationship with Maltreated Child,Co-tenant / Neighbour,2011,7
CPR,Newly Registered Child Protection Cases,Perpetrator's Relationship with Maltreated Child,Inmate of residential service,2011,
CPR,Newly Registered Child Protection Cases,Perpetrator's Relationship with Maltreated Child,Unrelated person (including strangers) ,2011,90
CPR,Newly Registered Child Protection Cases,Perpetrator's Relationship with Maltreated Child,Unidentified Person / Others,2011,98
CPR,Newly Registered Child Protection Cases,Perpetrator's Relationship with Maltreated Child,Unidentified person,2011,
CPR,Newly Registered Child Protection Cases,Perpetrator's Relationship with Maltreated Child,Other,2011,
CPR,Newly Registered Child Protection Cases,District Where Maltreatment Incident Happened,Central & Western,2011,17
CPR,Newly Registered Child Protection Cases,District Where Maltreatment Incident Happened,Southern,2011,28
CPR,Newly Registered Child Protection Cases,District Where Maltreatment Incident Happened,Islands,2011,23
CPR,Newly Registered Child Protection Cases,District Where Maltreatment Incident Happened,Eastern,2011,38
CPR,Newly Registered Child Protection Cases,District Where Maltreatment Incident Happened,Wan Chai,2011,11
CPR,Newly Registered Child Protection Cases,District Where Maltreatment Incident Happened,Kowloon City,2011,23
CPR,Newly Registered Child Protection Cases,District Where Maltreatment Incident Happened,Yau Tsim Mong,2011,37
CPR,Newly Registered Child Protection Cases,District Where Maltreatment Incident Happened,Sham Shui Po,2011,42
CPR,Newly Registered Child Protection Cases,District Where Maltreatment Incident Happened,Wong Tai Sin,2011,44
CPR,Newly Registered Child Protection Cases,District Where Maltreatment Incident Happened,Sai Kung,2011,46
CPR,Newly Registered Child Protection Cases,District Where Maltreatment Incident Happened,Kwun Tong,2011,100
CPR,Newly Registered Child Protection Cases,District Where Maltreatment Incident Happened,Shatin,2011,51
CPR,Newly Registered Child Protection Cases,District Where Maltreatment Incident Happened,Tai Po,2011,22
CPR,Newly Registered Child Protection Cases,District Where Maltreatment Incident Happened,North,2011,37
CPR,Newly Registered Child Protection Cases,District Where Maltreatment Incident Happened,Yuen Long,2011,142
CPR,Newly Registered Child Protection Cases,District Where Maltreatment Incident Happened,Tsuen Wan,2011,23
CPR,Newly Registered Child Protection Cases,District Where Maltreatment Incident Happened,Kwai Tsing,2011,63
CPR,Newly Registered Child Protection Cases,District Where Maltreatment Incident Happened,Tuen Mun,2011,99
CPR,Newly Registered Child Protection Cases,District Where Maltreatment Incident Happened,Outside Hong Kong,2011,11
CPR,Newly Registered Child Protection Cases,District Where Maltreatment Incident Happened,Unknown,2011,20
CPR,Newly Registered Child Protection Cases,Types of Harm/Maltreatment,Physical abuse,2012,423
CPR,Newly Registered Child Protection Cases,Types of Harm/Maltreatment,Neglect,2012,94
CPR,Newly Registered Child Protection Cases,Types of Harm/Maltreatment,Sexual abuse,2012,336
CPR,Newly Registered Child Protection Cases,Types of Harm/Maltreatment,Psychological  abuse,2012,16
CPR,Newly Registered Child Protection Cases,Types of Harm/Maltreatment,Multiple abuse,2012,25
CPR,Newly Registered Child Protection Cases,Sex of Maltreated Child,Female,2012,567
CPR,Newly Registered Child Protection Cases,Sex of Maltreated Child,Male,2012,327
CPR,Newly Registered Child Protection Cases,Perpetrator's Relationship with Maltreated Child,Parent,2012,508
CPR,Newly Registered Child Protection Cases,Perpetrator's Relationship with Maltreated Child,Sibling ,2012,16
CPR,Newly Registered Child Protection Cases,Perpetrator's Relationship with Maltreated Child,Step-parent,2012,42
CPR,Newly Registered Child Protection Cases,Perpetrator's Relationship with Maltreated Child,Grandparent,2012,12
CPR,Newly Registered Child Protection Cases,Perpetrator's Relationship with Maltreated Child,Relative,2012,15
CPR,Newly Registered Child Protection Cases,Perpetrator's Relationship with Maltreated Child,Family friend / Friend,2012,99
CPR,Newly Registered Child Protection Cases,Perpetrator's Relationship with Maltreated Child,Family friend / Parent of peer,2012,
CPR,Newly Registered Child Protection Cases,Perpetrator's Relationship with Maltreated Child,Caregiver,2012,22
CPR,Newly Registered Child Protection Cases,Perpetrator's Relationship with Maltreated Child,Teacher,2012,11
CPR,Newly Registered Child Protection Cases,Perpetrator's Relationship with Maltreated Child,School teacher / personnel,2012,
CPR,Newly Registered Child Protection Cases,Perpetrator's Relationship with Maltreated Child,Staff of boarding section of school,2012,
CPR,Newly Registered Child Protection Cases,Perpetrator's Relationship with Maltreated Child,Tutor / Coach,2012,25
CPR,Newly Registered Child Protection Cases,Perpetrator's Relationship with Maltreated Child,Religious personnel,2012,
CPR,Newly Registered Child Protection Cases,Perpetrator's Relationship with Maltreated Child,Schoolmate / friend / peer,2012,
CPR,Newly Registered Child Protection Cases,Perpetrator's Relationship with Maltreated Child,Co-tenant / Neighbour,2012,10
CPR,Newly Registered Child Protection Cases,Perpetrator's Relationship with Maltreated Child,Inmate of residential service,2012,
CPR,Newly Registered Child Protection Cases,Perpetrator's Relationship with Maltreated Child,Unrelated person (including strangers) ,2012,93
CPR,Newly Registered Child Protection Cases,Perpetrator's Relationship with Maltreated Child,Unidentified Person / Others,2012,48
CPR,Newly Registered Child Protection Cases,Perpetrator's Relationship with Maltreated Child,Unidentified person,2012,
CPR,Newly Registered Child Protection Cases,Perpetrator's Relationship with Maltreated Child,Other,2012,
CPR,Newly Registered Child Protection Cases,District Where Maltreatment Incident Happened,Central & Western,2012,16
CPR,Newly Registered Child Protection Cases,District Where Maltreatment Incident Happened,Southern,2012,16
CPR,Newly Registered Child Protection Cases,District Where Maltreatment Incident Happened,Islands,2012,12
CPR,Newly Registered Child Protection Cases,District Where Maltreatment Incident Happened,Eastern,2012,45
CPR,Newly Registered Child Protection Cases,District Where Maltreatment Incident Happened,Wan Chai,2012,9
CPR,Newly Registered Child Protection Cases,District Where Maltreatment Incident Happened,Kowloon City,2012,18
CPR,Newly Registered Child Protection Cases,District Where Maltreatment Incident Happened,Yau Tsim Mong,2012,31
CPR,Newly Registered Child Protection Cases,District Where Maltreatment Incident Happened,Sham Shui Po,2012,41
CPR,Newly Registered Child Protection Cases,District Where Maltreatment Incident Happened,Wong Tai Sin,2012,63
CPR,Newly Registered Child Protection Cases,District Where Maltreatment Incident Happened,Sai Kung,2012,46
CPR,Newly Registered Child Protection Cases,District Where Maltreatment Incident Happened,Kwun Tong,2012,109
CPR,Newly Registered Child Protection Cases,District Where Maltreatment Incident Happened,Shatin,2012,56
CPR,Newly Registered Child Protection Cases,District Where Maltreatment Incident Happened,Tai Po,2012,39
CPR,Newly Registered Child Protection Cases,District Where Maltreatment Incident Happened,North,2012,54
CPR,Newly Registered Child Protection Cases,District Where Maltreatment Incident Happened,Yuen Long,2012,128
CPR,Newly Registered Child Protection Cases,District Where Maltreatment Incident Happened,Tsuen Wan,2012,27
CPR,Newly Registered Child Protection Cases,District Where Maltreatment Incident Happened,Kwai Tsing,2012,66
CPR,Newly Registered Child Protection Cases,District Where Maltreatment Incident Happened,Tuen Mun,2012,85
CPR,Newly Registered Child Protection Cases,District Where Maltreatment Incident Happened,Outside Hong Kong,2012,14
CPR,Newly Registered Child Protection Cases,District Where Maltreatment Incident Happened,Unknown,2012,19
CPR,Newly Registered Child Protection Cases,Types of Harm/Maltreatment,Physical abuse,2013,452
CPR,Newly Registered Child Protection Cases,Types of Harm/Maltreatment,Neglect,2013,100
CPR,Newly Registered Child Protection Cases,Types of Harm/Maltreatment,Sexual abuse,2013,357
CPR,Newly Registered Child Protection Cases,Types of Harm/Maltreatment,Psychological  abuse,2013,16
CPR,Newly Registered Child Protection Cases,Types of Harm/Maltreatment,Multiple abuse,2013,38
CPR,Newly Registered Child Protection Cases,Sex of Maltreated Child,Female,2013,571
CPR,Newly Registered Child Protection Cases,Sex of Maltreated Child,Male,2013,392
CPR,Newly Registered Child Protection Cases,Perpetrator's Relationship with Maltreated Child,Parent,2013,561
CPR,Newly Registered Child Protection Cases,Perpetrator's Relationship with Maltreated Child,Sibling ,2013,14
CPR,Newly Registered Child Protection Cases,Perpetrator's Relationship with Maltreated Child,Step-parent,2013,33
CPR,Newly Registered Child Protection Cases,Perpetrator's Relationship with Maltreated Child,Grandparent,2013,12
CPR,Newly Registered Child Protection Cases,Perpetrator's Relationship with Maltreated Child,Relative,2013,25
CPR,Newly Registered Child Protection Cases,Perpetrator's Relationship with Maltreated Child,Family friend / Friend,2013,92
CPR,Newly Registered Child Protection Cases,Perpetrator's Relationship with Maltreated Child,Family friend / Parent of peer,2013,
CPR,Newly Registered Child Protection Cases,Perpetrator's Relationship with Maltreated Child,Caregiver,2013,26
CPR,Newly Registered Child Protection Cases,Perpetrator's Relationship with Maltreated Child,Teacher,2013,8
CPR,Newly Registered Child Protection Cases,Perpetrator's Relationship with Maltreated Child,School teacher / personnel,2013,
CPR,Newly Registered Child Protection Cases,Perpetrator's Relationship with Maltreated Child,Staff of boarding section of school,2013,
CPR,Newly Registered Child Protection Cases,Perpetrator's Relationship with Maltreated Child,Tutor / Coach,2013,37
CPR,Newly Registered Child Protection Cases,Perpetrator's Relationship with Maltreated Child,Religious personnel,2013,
CPR,Newly Registered Child Protection Cases,Perpetrator's Relationship with Maltreated Child,Schoolmate / friend / peer,2013,
CPR,Newly Registered Child Protection Cases,Perpetrator's Relationship with Maltreated Child,Co-tenant / Neighbour,2013,20
CPR,Newly Registered Child Protection Cases,Perpetrator's Relationship with Maltreated Child,Inmate of residential service,2013,
CPR,Newly Registered Child Protection Cases,Perpetrator's Relationship with Maltreated Child,Unrelated person (including strangers) ,2013,105
CPR,Newly Registered Child Protection Cases,Perpetrator's Relationship with Maltreated Child,Unidentified Person / Others,2013,53
CPR,Newly Registered Child Protection Cases,Perpetrator's Relationship with Maltreated Child,Unidentified person,2013,
CPR,Newly Registered Child Protection Cases,Perpetrator's Relationship with Maltreated Child,Other,2013,
CPR,Newly Registered Child Protection Cases,District Where Maltreatment Incident Happened,Central & Western,2013,16
CPR,Newly Registered Child Protection Cases,District Where Maltreatment Incident Happened,Southern,2013,26
CPR,Newly Registered Child Protection Cases,District Where Maltreatment Incident Happened,Islands,2013,14
CPR,Newly Registered Child Protection Cases,District Where Maltreatment Incident Happened,Eastern,2013,37
CPR,Newly Registered Child Protection Cases,District Where Maltreatment Incident Happened,Wan Chai,2013,8
CPR,Newly Registered Child Protection Cases,District Where Maltreatment Incident Happened,Kowloon City,2013,30
CPR,Newly Registered Child Protection Cases,District Where Maltreatment Incident Happened,Yau Tsim Mong,2013,29
CPR,Newly Registered Child Protection Cases,District Where Maltreatment Incident Happened,Sham Shui Po,2013,41
CPR,Newly Registered Child Protection Cases,District Where Maltreatment Incident Happened,Wong Tai Sin,2013,54
CPR,Newly Registered Child Protection Cases,District Where Maltreatment Incident Happened,Sai Kung,2013,42
CPR,Newly Registered Child Protection Cases,District Where Maltreatment Incident Happened,Kwun Tong,2013,108
CPR,Newly Registered Child Protection Cases,District Where Maltreatment Incident Happened,Shatin,2013,55
CPR,Newly Registered Child Protection Cases,District Where Maltreatment Incident Happened,Tai Po,2013,37
CPR,Newly Registered Child Protection Cases,District Where Maltreatment Incident Happened,North,2013,53
CPR,Newly Registered Child Protection Cases,District Where Maltreatment Incident Happened,Yuen Long,2013,130
CPR,Newly Registered Child Protection Cases,District Where Maltreatment Incident Happened,Tsuen Wan,2013,36
CPR,Newly Registered Child Protection Cases,District Where Maltreatment Incident Happened,Kwai Tsing,2013,102
CPR,Newly Registered Child Protection Cases,District Where Maltreatment Incident Happened,Tuen Mun,2013,104
CPR,Newly Registered Child Protection Cases,District Where Maltreatment Incident Happened,Outside Hong Kong,2013,24
CPR,Newly Registered Child Protection Cases,District Where Maltreatment Incident Happened,Unknown,2013,17
CPR,Newly Registered Child Protection Cases,Types of Harm/Maltreatment,Physical abuse,2014,413
CPR,Newly Registered Child Protection Cases,Types of Harm/Maltreatment,Neglect,2014,122
CPR,Newly Registered Child Protection Cases,Types of Harm/Maltreatment,Sexual abuse,2014,285
CPR,Newly Registered Child Protection Cases,Types of Harm/Maltreatment,Psychological  abuse,2014,6
CPR,Newly Registered Child Protection Cases,Types of Harm/Maltreatment,Multiple abuse,2014,30
CPR,Newly Registered Child Protection Cases,Sex of Maltreated Child,Female,2014,477
CPR,Newly Registered Child Protection Cases,Sex of Maltreated Child,Male,2014,379
CPR,Newly Registered Child Protection Cases,Perpetrator's Relationship with Maltreated Child,Parent,2014,507
CPR,Newly Registered Child Protection Cases,Perpetrator's Relationship with Maltreated Child,Sibling ,2014,9
CPR,Newly Registered Child Protection Cases,Perpetrator's Relationship with Maltreated Child,Step-parent,2014,41
CPR,Newly Registered Child Protection Cases,Perpetrator's Relationship with Maltreated Child,Grandparent,2014,13
CPR,Newly Registered Child Protection Cases,Perpetrator's Relationship with Maltreated Child,Relative,2014,24
CPR,Newly Registered Child Protection Cases,Perpetrator's Relationship with Maltreated Child,Family friend / Friend,2014,80
CPR,Newly Registered Child Protection Cases,Perpetrator's Relationship with Maltreated Child,Family friend / Parent of peer,2014,
CPR,Newly Registered Child Protection Cases,Perpetrator's Relationship with Maltreated Child,Caregiver,2014,34
CPR,Newly Registered Child Protection Cases,Perpetrator's Relationship with Maltreated Child,Teacher,2014,10
CPR,Newly Registered Child Protection Cases,Perpetrator's Relationship with Maltreated Child,School teacher / personnel,2014,
CPR,Newly Registered Child Protection Cases,Perpetrator's Relationship with Maltreated Child,Staff of boarding section of school,2014,
CPR,Newly Registered Child Protection Cases,Perpetrator's Relationship with Maltreated Child,Tutor / Coach,2014,25
CPR,Newly Registered Child Protection Cases,Perpetrator's Relationship with Maltreated Child,Religious personnel,2014,
CPR,Newly Registered Child Protection Cases,Perpetrator's Relationship with Maltreated Child,Schoolmate / friend / peer,2014,
CPR,Newly Registered Child Protection Cases,Perpetrator's Relationship with Maltreated Child,Co-tenant / Neighbour,2014,14
CPR,Newly Registered Child Protection Cases,Perpetrator's Relationship with Maltreated Child,Inmate of residential service,2014,
CPR,Newly Registered Child Protection Cases,Perpetrator's Relationship with Maltreated Child,Unrelated person (including strangers) ,2014,74
CPR,Newly Registered Child Protection Cases,Perpetrator's Relationship with Maltreated Child,Unidentified Person / Others,2014,41
CPR,Newly Registered Child Protection Cases,Perpetrator's Relationship with Maltreated Child,Unidentified person,2014,
CPR,Newly Registered Child Protection Cases,Perpetrator's Relationship with Maltreated Child,Other,2014,
CPR,Newly Registered Child Protection Cases,District Where Maltreatment Incident Happened,Central & Western,2014,14
CPR,Newly Registered Child Protection Cases,District Where Maltreatment Incident Happened,Southern,2014,29
CPR,Newly Registered Child Protection Cases,District Where Maltreatment Incident Happened,Islands,2014,22
CPR,Newly Registered Child Protection Cases,District Where Maltreatment Incident Happened,Eastern,2014,35
CPR,Newly Registered Child Protection Cases,District Where Maltreatment Incident Happened,Wan Chai,2014,5
CPR,Newly Registered Child Protection Cases,District Where Maltreatment Incident Happened,Kowloon City,2014,42
CPR,Newly Registered Child Protection Cases,District Where Maltreatment Incident Happened,Yau Tsim Mong,2014,27
CPR,Newly Registered Child Protection Cases,District Where Maltreatment Incident Happened,Sham Shui Po,2014,40
CPR,Newly Registered Child Protection Cases,District Where Maltreatment Incident Happened,Wong Tai Sin,2014,62
CPR,Newly Registered Child Protection Cases,District Where Maltreatment Incident Happened,Sai Kung,2014,44
CPR,Newly Registered Child Protection Cases,District Where Maltreatment Incident Happened,Kwun Tong,2014,75
CPR,Newly Registered Child Protection Cases,District Where Maltreatment Incident Happened,Shatin,2014,56
CPR,Newly Registered Child Protection Cases,District Where Maltreatment Incident Happened,Tai Po,2014,32
CPR,Newly Registered Child Protection Cases,District Where Maltreatment Incident Happened,North,2014,42
CPR,Newly Registered Child Protection Cases,District Where Maltreatment Incident Happened,Yuen Long,2014,132
CPR,Newly Registered Child Protection Cases,District Where Maltreatment Incident Happened,Tsuen Wan,2014,29
CPR,Newly Registered Child Protection Cases,District Where Maltreatment Incident Happened,Kwai Tsing,2014,67
CPR,Newly Registered Child Protection Cases,District Where Maltreatment Incident Happened,Tuen Mun,2014,75
CPR,Newly Registered Child Protection Cases,District Where Maltreatment Incident Happened,Outside Hong Kong,2014,12
CPR,Newly Registered Child Protection Cases,District Where Maltreatment Incident Happened,Unknown,2014,16
CPR,Newly Registered Child Protection Cases,Types of Harm/Maltreatment,Physical abuse,2015,424
CPR,Newly Registered Child Protection Cases,Types of Harm/Maltreatment,Neglect,2015,139
CPR,Newly Registered Child Protection Cases,Types of Harm/Maltreatment,Sexual abuse,2015,273
CPR,Newly Registered Child Protection Cases,Types of Harm/Maltreatment,Psychological  abuse,2015,7
CPR,Newly Registered Child Protection Cases,Types of Harm/Maltreatment,Multiple abuse,2015,31
CPR,Newly Registered Child Protection Cases,Sex of Maltreated Child,Female,2015,502
CPR,Newly Registered Child Protection Cases,Sex of Maltreated Child,Male,2015,372
CPR,Newly Registered Child Protection Cases,Perpetrator's Relationship with Maltreated Child,Parent,2015,548
CPR,Newly Registered Child Protection Cases,Perpetrator's Relationship with Maltreated Child,Sibling ,2015,9
CPR,Newly Registered Child Protection Cases,Perpetrator's Relationship with Maltreated Child,Step-parent,2015,41
CPR,Newly Registered Child Protection Cases,Perpetrator's Relationship with Maltreated Child,Grandparent,2015,12
CPR,Newly Registered Child Protection Cases,Perpetrator's Relationship with Maltreated Child,Relative,2015,14
CPR,Newly Registered Child Protection Cases,Perpetrator's Relationship with Maltreated Child,Family friend / Friend,2015,85
CPR,Newly Registered Child Protection Cases,Perpetrator's Relationship with Maltreated Child,Family friend / Parent of peer,2015,
CPR,Newly Registered Child Protection Cases,Perpetrator's Relationship with Maltreated Child,Caregiver,2015,25
CPR,Newly Registered Child Protection Cases,Perpetrator's Relationship with Maltreated Child,Teacher,2015,10
CPR,Newly Registered Child Protection Cases,Perpetrator's Relationship with Maltreated Child,School teacher / personnel,2015,
CPR,Newly Registered Child Protection Cases,Perpetrator's Relationship with Maltreated Child,Staff of boarding section of school,2015,
CPR,Newly Registered Child Protection Cases,Perpetrator's Relationship with Maltreated Child,Tutor / Coach,2015,21
CPR,Newly Registered Child Protection Cases,Perpetrator's Relationship with Maltreated Child,Religious personnel,2015,
CPR,Newly Registered Child Protection Cases,Perpetrator's Relationship with Maltreated Child,Schoolmate / friend / peer,2015,
CPR,Newly Registered Child Protection Cases,Perpetrator's Relationship with Maltreated Child,Co-tenant / Neighbour,2015,8
CPR,Newly Registered Child Protection Cases,Perpetrator's Relationship with Maltreated Child,Inmate of residential service,2015,
CPR,Newly Registered Child Protection Cases,Perpetrator's Relationship with Maltreated Child,Unrelated person (including strangers) ,2015,103
CPR,Newly Registered Child Protection Cases,Perpetrator's Relationship with Maltreated Child,Unidentified Person / Others,2015,24
CPR,Newly Registered Child Protection Cases,Perpetrator's Relationship with Maltreated Child,Unidentified person,2015,
CPR,Newly Registered Child Protection Cases,Perpetrator's Relationship with Maltreated Child,Other,2015,
CPR,Newly Registered Child Protection Cases,District Where Maltreatment Incident Happened,Central & Western,2015,12
CPR,Newly Registered Child Protection Cases,District Where Maltreatment Incident Happened,Southern,2015,18
CPR,Newly Registered Child Protection Cases,District Where Maltreatment Incident Happened,Islands,2015,17
CPR,Newly Registered Child Protection Cases,District Where Maltreatment Incident Happened,Eastern,2015,29
CPR,Newly Registered Child Protection Cases,District Where Maltreatment Incident Happened,Wan Chai,2015,8
CPR,Newly Registered Child Protection Cases,District Where Maltreatment Incident Happened,Kowloon City,2015,48
CPR,Newly Registered Child Protection Cases,District Where Maltreatment Incident Happened,Yau Tsim Mong,2015,34
CPR,Newly Registered Child Protection Cases,District Where Maltreatment Incident Happened,Sham Shui Po,2015,46
CPR,Newly Registered Child Protection Cases,District Where Maltreatment Incident Happened,Wong Tai Sin,2015,37
CPR,Newly Registered Child Protection Cases,District Where Maltreatment Incident Happened,Sai Kung,2015,31
CPR,Newly Registered Child Protection Cases,District Where Maltreatment Incident Happened,Kwun Tong,2015,78
CPR,Newly Registered Child Protection Cases,District Where Maltreatment Incident Happened,Shatin,2015,51
CPR,Newly Registered Child Protection Cases,District Where Maltreatment Incident Happened,Tai Po,2015,27
CPR,Newly Registered Child Protection Cases,District Where Maltreatment Incident Happened,North,2015,49
CPR,Newly Registered Child Protection Cases,District Where Maltreatment Incident Happened,Yuen Long,2015,140
CPR,Newly Registered Child Protection Cases,District Where Maltreatment Incident Happened,Tsuen Wan,2015,29
CPR,Newly Registered Child Protection Cases,District Where Maltreatment Incident Happened,Kwai Tsing,2015,75
CPR,Newly Registered Child Protection Cases,District Where Maltreatment Incident Happened,Tuen Mun,2015,104
CPR,Newly Registered Child Protection Cases,District Where Maltreatment Incident Happened,Outside Hong Kong,2015,15
CPR,Newly Registered Child Protection Cases,District Where Maltreatment Incident Happened,Unknown,2015,26
CPR,Newly Registered Child Protection Cases,Types of Harm/Maltreatment,Physical abuse,2016,378
CPR,Newly Registered Child Protection Cases,Types of Harm/Maltreatment,Neglect,2016,182
CPR,Newly Registered Child Protection Cases,Types of Harm/Maltreatment,Sexual abuse,2016,294
CPR,Newly Registered Child Protection Cases,Types of Harm/Maltreatment,Psychological  abuse,2016,10
CPR,Newly Registered Child Protection Cases,Types of Harm/Maltreatment,Multiple abuse,2016,28
CPR,Newly Registered Child Protection Cases,Sex of Maltreated Child,Female,2016,509
CPR,Newly Registered Child Protection Cases,Sex of Maltreated Child,Male,2016,383
CPR,Newly Registered Child Protection Cases,Perpetrator's Relationship with Maltreated Child,Parent,2016,534
CPR,Newly Registered Child Protection Cases,Perpetrator's Relationship with Maltreated Child,Sibling ,2016,11
CPR,Newly Registered Child Protection Cases,Perpetrator's Relationship with Maltreated Child,Step-parent,2016,46
CPR,Newly Registered Child Protection Cases,Perpetrator's Relationship with Maltreated Child,Grandparent,2016,17
CPR,Newly Registered Child Protection Cases,Perpetrator's Relationship with Maltreated Child,Relative,2016,21
CPR,Newly Registered Child Protection Cases,Perpetrator's Relationship with Maltreated Child,Family friend / Friend,2016,94
CPR,Newly Registered Child Protection Cases,Perpetrator's Relationship with Maltreated Child,Family friend / Parent of peer,2016,
CPR,Newly Registered Child Protection Cases,Perpetrator's Relationship with Maltreated Child,Caregiver,2016,23
CPR,Newly Registered Child Protection Cases,Perpetrator's Relationship with Maltreated Child,Teacher,2016,7
CPR,Newly Registered Child Protection Cases,Perpetrator's Relationship with Maltreated Child,School teacher / personnel,2016,
CPR,Newly Registered Child Protection Cases,Perpetrator's Relationship with Maltreated Child,Staff of boarding section of school,2016,
CPR,Newly Registered Child Protection Cases,Perpetrator's Relationship with Maltreated Child,Tutor / Coach,2016,28
CPR,Newly Registered Child Protection Cases,Perpetrator's Relationship with Maltreated Child,Religious personnel,2016,
CPR,Newly Registered Child Protection Cases,Perpetrator's Relationship with Maltreated Child,Schoolmate / friend / peer,2016,
CPR,Newly Registered Child Protection Cases,Perpetrator's Relationship with Maltreated Child,Co-tenant / Neighbour,2016,14
CPR,Newly Registered Child Protection Cases,Perpetrator's Relationship with Maltreated Child,Inmate of residential service,2016,
CPR,Newly Registered Child Protection Cases,Perpetrator's Relationship with Maltreated Child,Unrelated person (including strangers) ,2016,79
CPR,Newly Registered Child Protection Cases,Perpetrator's Relationship with Maltreated Child,Unidentified Person / Others,2016,37
CPR,Newly Registered Child Protection Cases,Perpetrator's Relationship with Maltreated Child,Unidentified person,2016,
CPR,Newly Registered Child Protection Cases,Perpetrator's Relationship with Maltreated Child,Other,2016,
CPR,Newly Registered Child Protection Cases,District Where Maltreatment Incident Happened,Central & Western,2016,12
CPR,Newly Registered Child Protection Cases,District Where Maltreatment Incident Happened,Southern,2016,28
CPR,Newly Registered Child Protection Cases,District Where Maltreatment Incident Happened,Islands,2016,18
CPR,Newly Registered Child Protection Cases,District Where Maltreatment Incident Happened,Eastern,2016,35
CPR,Newly Registered Child Protection Cases,District Where Maltreatment Incident Happened,Wan Chai,2016,8
CPR,Newly Registered Child Protection Cases,District Where Maltreatment Incident Happened,Kowloon City,2016,23
CPR,Newly Registered Child Protection Cases,District Where Maltreatment Incident Happened,Yau Tsim Mong,2016,50
CPR,Newly Registered Child Protection Cases,District Where Maltreatment Incident Happened,Sham Shui Po,2016,42
CPR,Newly Registered Child Protection Cases,District Where Maltreatment Incident Happened,Wong Tai Sin,2016,37
CPR,Newly Registered Child Protection Cases,District Where Maltreatment Incident Happened,Sai Kung,2016,45
CPR,Newly Registered Child Protection Cases,District Where Maltreatment Incident Happened,Kwun Tong,2016,102
CPR,Newly Registered Child Protection Cases,District Where Maltreatment Incident Happened,Shatin,2016,66
CPR,Newly Registered Child Protection Cases,District Where Maltreatment Incident Happened,Tai Po,2016,19
CPR,Newly Registered Child Protection Cases,District Where Maltreatment Incident Happened,North,2016,51
CPR,Newly Registered Child Protection Cases,District Where Maltreatment Incident Happened,Yuen Long,2016,107
CPR,Newly Registered Child Protection Cases,District Where Maltreatment Incident Happened,Tsuen Wan,2016,29
CPR,Newly Registered Child Protection Cases,District Where Maltreatment Incident Happened,Kwai Tsing,2016,77
CPR,Newly Registered Child Protection Cases,District Where Maltreatment Incident Happened,Tuen Mun,2016,85
CPR,Newly Registered Child Protection Cases,District Where Maltreatment Incident Happened,Outside Hong Kong,2016,17
CPR,Newly Registered Child Protection Cases,District Where Maltreatment Incident Happened,Unknown,2016,41
CPR,Newly Registered Child Protection Cases,Types of Harm/Maltreatment,Physical abuse,2017,374
CPR,Newly Registered Child Protection Cases,Types of Harm/Maltreatment,Neglect,2017,229
CPR,Newly Registered Child Protection Cases,Types of Harm/Maltreatment,Sexual abuse,2017,315
CPR,Newly Registered Child Protection Cases,Types of Harm/Maltreatment,Psychological  abuse,2017,5
CPR,Newly Registered Child Protection Cases,Types of Harm/Maltreatment,Multiple abuse,2017,24
CPR,Newly Registered Child Protection Cases,Sex of Maltreated Child,Female,2017,543
CPR,Newly Registered Child Protection Cases,Sex of Maltreated Child,Male,2017,404
CPR,Newly Registered Child Protection Cases,Perpetrator's Relationship with Maltreated Child,Parent,2017,568
CPR,Newly Registered Child Protection Cases,Perpetrator's Relationship with Maltreated Child,Sibling ,2017,11
CPR,Newly Registered Child Protection Cases,Perpetrator's Relationship with Maltreated Child,Step-parent,2017,46
CPR,Newly Registered Child Protection Cases,Perpetrator's Relationship with Maltreated Child,Grandparent,2017,7
CPR,Newly Registered Child Protection Cases,Perpetrator's Relationship with Maltreated Child,Relative,2017,23
CPR,Newly Registered Child Protection Cases,Perpetrator's Relationship with Maltreated Child,Family friend / Friend,2017,89
CPR,Newly Registered Child Protection Cases,Perpetrator's Relationship with Maltreated Child,Family friend / Parent of peer,2017,
CPR,Newly Registered Child Protection Cases,Perpetrator's Relationship with Maltreated Child,Caregiver,2017,31
CPR,Newly Registered Child Protection Cases,Perpetrator's Relationship with Maltreated Child,Teacher,2017,6
CPR,Newly Registered Child Protection Cases,Perpetrator's Relationship with Maltreated Child,School teacher / personnel,2017,
CPR,Newly Registered Child Protection Cases,Perpetrator's Relationship with Maltreated Child,Staff of boarding section of school,2017,
CPR,Newly Registered Child Protection Cases,Perpetrator's Relationship with Maltreated Child,Tutor / Coach,2017,17
CPR,Newly Registered Child Protection Cases,Perpetrator's Relationship with Maltreated Child,Religious personnel,2017,
CPR,Newly Registered Child Protection Cases,Perpetrator's Relationship with Maltreated Child,Schoolmate / friend / peer,2017,
CPR,Newly Registered Child Protection Cases,Perpetrator's Relationship with Maltreated Child,Co-tenant / Neighbour,2017,21
CPR,Newly Registered Child Protection Cases,Perpetrator's Relationship with Maltreated Child,Inmate of residential service,2017,
CPR,Newly Registered Child Protection Cases,Perpetrator's Relationship with Maltreated Child,Unrelated person (including strangers) ,2017,107
CPR,Newly Registered Child Protection Cases,Perpetrator's Relationship with Maltreated Child,Unidentified Person / Others,2017,31
CPR,Newly Registered Child Protection Cases,Perpetrator's Relationship with Maltreated Child,Unidentified person,2017,
CPR,Newly Registered Child Protection Cases,Perpetrator's Relationship with Maltreated Child,Other,2017,
CPR,Newly Registered Child Protection Cases,District Where Maltreatment Incident Happened,Central & Western,2017,19
CPR,Newly Registered Child Protection Cases,District Where Maltreatment Incident Happened,Southern,2017,25
CPR,Newly Registered Child Protection Cases,District Where Maltreatment Incident Happened,Islands,2017,14
CPR,Newly Registered Child Protection Cases,District Where Maltreatment Incident Happened,Eastern,2017,36
CPR,Newly Registered Child Protection Cases,District Where Maltreatment Incident Happened,Wan Chai,2017,13
CPR,Newly Registered Child Protection Cases,District Where Maltreatment Incident Happened,Kowloon City,2017,38
CPR,Newly Registered Child Protection Cases,District Where Maltreatment Incident Happened,Yau Tsim Mong,2017,69
CPR,Newly Registered Child Protection Cases,District Where Maltreatment Incident Happened,Sham Shui Po,2017,59
CPR,Newly Registered Child Protection Cases,District Where Maltreatment Incident Happened,Wong Tai Sin,2017,44
CPR,Newly Registered Child Protection Cases,District Where Maltreatment Incident Happened,Sai Kung,2017,31
CPR,Newly Registered Child Protection Cases,District Where Maltreatment Incident Happened,Kwun Tong,2017,98
CPR,Newly Registered Child Protection Cases,District Where Maltreatment Incident Happened,Shatin,2017,67
CPR,Newly Registered Child Protection Cases,District Where Maltreatment Incident Happened,Tai Po,2017,27
CPR,Newly Registered Child Protection Cases,District Where Maltreatment Incident Happened,North,2017,64
CPR,Newly Registered Child Protection Cases,District Where Maltreatment Incident Happened,Yuen Long,2017,104
CPR,Newly Registered Child Protection Cases,District Where Maltreatment Incident Happened,Tsuen Wan,2017,15
CPR,Newly Registered Child Protection Cases,District Where Maltreatment Incident Happened,Kwai Tsing,2017,62
CPR,Newly Registered Child Protection Cases,District Where Maltreatment Incident Happened,Tuen Mun,2017,78
CPR,Newly Registered Child Protection Cases,District Where Maltreatment Incident Happened,Outside Hong Kong,2017,20
CPR,Newly Registered Child Protection Cases,District Where Maltreatment Incident Happened,Unknown,2017,64
CPR,Newly Registered Child Protection Cases,Types of Harm/Maltreatment,Physical abuse,2018,493
CPR,Newly Registered Child Protection Cases,Types of Harm/Maltreatment,Neglect,2018,237
CPR,Newly Registered Child Protection Cases,Types of Harm/Maltreatment,Sexual abuse,2018,297
CPR,Newly Registered Child Protection Cases,Types of Harm/Maltreatment,Psychological  abuse,2018,11
CPR,Newly Registered Child Protection Cases,Types of Harm/Maltreatment,Multiple abuse,2018,26
CPR,Newly Registered Child Protection Cases,Sex of Maltreated Child,Female,2018,566
CPR,Newly Registered Child Protection Cases,Sex of Maltreated Child,Male,2018,498
CPR,Newly Registered Child Protection Cases,Perpetrator's Relationship with Maltreated Child,Parent,2018,684
CPR,Newly Registered Child Protection Cases,Perpetrator's Relationship with Maltreated Child,Sibling ,2018,14
CPR,Newly Registered Child Protection Cases,Perpetrator's Relationship with Maltreated Child,Step-parent,2018,42
CPR,Newly Registered Child Protection Cases,Perpetrator's Relationship with Maltreated Child,Grandparent,2018,24
CPR,Newly Registered Child Protection Cases,Perpetrator's Relationship with Maltreated Child,Relative,2018,12
CPR,Newly Registered Child Protection Cases,Perpetrator's Relationship with Maltreated Child,Family friend / Friend,2018,
CPR,Newly Registered Child Protection Cases,Perpetrator's Relationship with Maltreated Child,Family friend / Parent of peer,2018,51
CPR,Newly Registered Child Protection Cases,Perpetrator's Relationship with Maltreated Child,Caregiver,2018,19
CPR,Newly Registered Child Protection Cases,Perpetrator's Relationship with Maltreated Child,Teacher,2018,
CPR,Newly Registered Child Protection Cases,Perpetrator's Relationship with Maltreated Child,School teacher / personnel,2018,14
CPR,Newly Registered Child Protection Cases,Perpetrator's Relationship with Maltreated Child,Staff of boarding section of school,2018,3
CPR,Newly Registered Child Protection Cases,Perpetrator's Relationship with Maltreated Child,Tutor / Coach,2018,24
CPR,Newly Registered Child Protection Cases,Perpetrator's Relationship with Maltreated Child,Religious personnel,2018,0
CPR,Newly Registered Child Protection Cases,Perpetrator's Relationship with Maltreated Child,Schoolmate / friend / peer,2018,43
CPR,Newly Registered Child Protection Cases,Perpetrator's Relationship with Maltreated Child,Co-tenant / Neighbour,2018,7
CPR,Newly Registered Child Protection Cases,Perpetrator's Relationship with Maltreated Child,Inmate of residential service,2018,4
CPR,Newly Registered Child Protection Cases,Perpetrator's Relationship with Maltreated Child,Unrelated person (including strangers) ,2018,79
CPR,Newly Registered Child Protection Cases,Perpetrator's Relationship with Maltreated Child,Unidentified Person / Others,2018,
CPR,Newly Registered Child Protection Cases,Perpetrator's Relationship with Maltreated Child,Unidentified person,2018,36
CPR,Newly Registered Child Protection Cases,Perpetrator's Relationship with Maltreated Child,Other,2018,4
CPR,Newly Registered Child Protection Cases,District Where Maltreatment Incident Happened,Central & Western,2018,21
CPR,Newly Registered Child Protection Cases,District Where Maltreatment Incident Happened,Southern,2018,28
CPR,Newly Registered Child Protection Cases,District Where Maltreatment Incident Happened,Islands,2018,21
CPR,Newly Registered Child Protection Cases,District Where Maltreatment Incident Happened,Eastern,2018,53
CPR,Newly Registered Child Protection Cases,District Where Maltreatment Incident Happened,Wan Chai,2018,12
CPR,Newly Registered Child Protection Cases,District Where Maltreatment Incident Happened,Kowloon City,2018,39
CPR,Newly Registered Child Protection Cases,District Where Maltreatment Incident Happened,Yau Tsim Mong,2018,54
CPR,Newly Registered Child Protection Cases,District Where Maltreatment Incident Happened,Sham Shui Po,2018,51
CPR,Newly Registered Child Protection Cases,District Where Maltreatment Incident Happened,Wong Tai Sin,2018,65
CPR,Newly Registered Child Protection Cases,District Where Maltreatment Incident Happened,Sai Kung,2018,50
CPR,Newly Registered Child Protection Cases,District Where Maltreatment Incident Happened,Kwun Tong,2018,126
CPR,Newly Registered Child Protection Cases,District Where Maltreatment Incident Happened,Shatin,2018,36
CPR,Newly Registered Child Protection Cases,District Where Maltreatment Incident Happened,Tai Po,2018,44
CPR,Newly Registered Child Protection Cases,District Where Maltreatment Incident Happened,North,2018,61
CPR,Newly Registered Child Protection Cases,District Where Maltreatment Incident Happened,Yuen Long,2018,127
CPR,Newly Registered Child Protection Cases,District Where Maltreatment Incident Happened,Tsuen Wan,2018,33
CPR,Newly Registered Child Protection Cases,District Where Maltreatment Incident Happened,Kwai Tsing,2018,82
CPR,Newly Registered Child Protection Cases,District Where Maltreatment Incident Happened,Tuen Mun,2018,84
CPR,Newly Registered Child Protection Cases,District Where Maltreatment Incident Happened,Outside Hong Kong,2018,37
CPR,Newly Registered Child Protection Cases,District Where Maltreatment Incident Happened,Unknown,2018,40
CPR,Newly Registered Child Protection Cases,Types of Harm/Maltreatment,Physical abuse,2019,430
CPR,Newly Registered Child Protection Cases,Types of Harm/Maltreatment,Neglect,2019,237
CPR,Newly Registered Child Protection Cases,Types of Harm/Maltreatment,Sexual abuse,2019,305
CPR,Newly Registered Child Protection Cases,Types of Harm/Maltreatment,Psychological  abuse,2019,8
CPR,Newly Registered Child Protection Cases,Types of Harm/Maltreatment,Multiple abuse,2019,26
CPR,Newly Registered Child Protection Cases,Sex of Maltreated Child,Female,2019,565
CPR,Newly Registered Child Protection Cases,Sex of Maltreated Child,Male,2019,441
CPR,Newly Registered Child Protection Cases,Perpetrator's Relationship with Maltreated Child,Parent,2019,648
CPR,Newly Registered Child Protection Cases,Perpetrator's Relationship with Maltreated Child,Sibling ,2019,25
CPR,Newly Registered Child Protection Cases,Perpetrator's Relationship with Maltreated Child,Step-parent,2019,35
CPR,Newly Registered Child Protection Cases,Perpetrator's Relationship with Maltreated Child,Grandparent,2019,13
CPR,Newly Registered Child Protection Cases,Perpetrator's Relationship with Maltreated Child,Relative,2019,18
CPR,Newly Registered Child Protection Cases,Perpetrator's Relationship with Maltreated Child,Family friend / Parent of peer,2019,9
CPR,Newly Registered Child Protection Cases,Perpetrator's Relationship with Maltreated Child,Caregiver,2019,14
CPR,Newly Registered Child Protection Cases,Perpetrator's Relationship with Maltreated Child,School teacher / personnel,2019,18
CPR,Newly Registered Child Protection Cases,Perpetrator's Relationship with Maltreated Child,Staff of boarding section of school,2019,1
CPR,Newly Registered Child Protection Cases,Perpetrator's Relationship with Maltreated Child,Tutor / Coach,2019,22
CPR,Newly Registered Child Protection Cases,Perpetrator's Relationship with Maltreated Child,Religious personnel,2019,1
CPR,Newly Registered Child Protection Cases,Perpetrator's Relationship with Maltreated Child,Schoolmate / friend / peer,2019,111
CPR,Newly Registered Child Protection Cases,Perpetrator's Relationship with Maltreated Child,Co-tenant / Neighbour,2019,7
CPR,Newly Registered Child Protection Cases,Perpetrator's Relationship with Maltreated Child,Inmate of residential service,2019,3
CPR,Newly Registered Child Protection Cases,Perpetrator's Relationship with Maltreated Child,Unrelated person (including strangers) ,2019,75
CPR,Newly Registered Child Protection Cases,Perpetrator's Relationship with Maltreated Child,Unidentified person,2019,22
CPR,Newly Registered Child Protection Cases,Perpetrator's Relationship with Maltreated Child,Other,2019,3
CPR,Newly Registered Child Protection Cases,District Where Maltreatment Incident Happened,Central & Western,2019,18
CPR,Newly Registered Child Protection Cases,District Where Maltreatment Incident Happened,Southern,2019,18
CPR,Newly Registered Child Protection Cases,District Where Maltreatment Incident Happened,Islands,2019,22
CPR,Newly Registered Child Protection Cases,District Where Maltreatment Incident Happened,Eastern,2019,40
CPR,Newly Registered Child Protection Cases,District Where Maltreatment Incident Happened,Wan Chai,2019,6
CPR,Newly Registered Child Protection Cases,District Where Maltreatment Incident Happened,Kowloon City,2019,46
CPR,Newly Registered Child Protection Cases,District Where Maltreatment Incident Happened,Yau Tsim Mong,2019,57
CPR,Newly Registered Child Protection Cases,District Where Maltreatment Incident Happened,Sham Shui Po,2019,58
CPR,Newly Registered Child Protection Cases,District Where Maltreatment Incident Happened,Wong Tai Sin,2019,70
CPR,Newly Registered Child Protection Cases,District Where Maltreatment Incident Happened,Sai Kung,2019,54
CPR,Newly Registered Child Protection Cases,District Where Maltreatment Incident Happened,Kwun Tong,2019,114
CPR,Newly Registered Child Protection Cases,District Where Maltreatment Incident Happened,Shatin,2019,51
CPR,Newly Registered Child Protection Cases,District Where Maltreatment Incident Happened,Tai Po,2019,45
CPR,Newly Registered Child Protection Cases,District Where Maltreatment Incident Happened,North,2019,52
CPR,Newly Registered Child Protection Cases,District Where Maltreatment Incident Happened,Yuen Long,2019,111
CPR,Newly Registered Child Protection Cases,District Where Maltreatment Incident Happened,Tsuen Wan,2019,37
CPR,Newly Registered Child Protection Cases,District Where Maltreatment Incident Happened,Kwai Tsing,2019,68
CPR,Newly Registered Child Protection Cases,District Where Maltreatment Incident Happened,Tuen Mun,2019,70
CPR,Newly Registered Child Protection Cases,District Where Maltreatment Incident Happened,Outside Hong Kong,2019,45
CPR,Newly Registered Child Protection Cases,District Where Maltreatment Incident Happened,Unknown,2019,24
CPR,Newly Registered Child Protection Cases,Types of Harm/Maltreatment,Physical harm / abuse,2020,389
CPR,Newly Registered Child Protection Cases,Types of Harm/Maltreatment,Neglect,2020,201
CPR,Newly Registered Child Protection Cases,Types of Harm/Maltreatment,Sexual abuse,2020,313
CPR,Newly Registered Child Protection Cases,Types of Harm/Maltreatment,Psychological harm / abuse,2020,10
CPR,Newly Registered Child Protection Cases,Types of Harm/Maltreatment,Multiple abuse,2020,27
CPR,Newly Registered Child Protection Cases,Sex of Maltreated Child,Female,2020,536
CPR,Newly Registered Child Protection Cases,Sex of Maltreated Child,Male,2020,404
CPR,Newly Registered Child Protection Cases,Perpetrator's Relationship with Maltreated Child,Parent,2020,583
CPR,Newly Registered Child Protection Cases,Perpetrator's Relationship with Maltreated Child,Sibling ,2020,18
CPR,Newly Registered Child Protection Cases,Perpetrator's Relationship with Maltreated Child,Step-parent,2020,46
CPR,Newly Registered Child Protection Cases,Perpetrator's Relationship with Maltreated Child,Grandparent,2020,21
CPR,Newly Registered Child Protection Cases,Perpetrator's Relationship with Maltreated Child,Relative,2020,17
CPR,Newly Registered Child Protection Cases,Perpetrator's Relationship with Maltreated Child,Family friend / Parent of peer,2020,10
CPR,Newly Registered Child Protection Cases,Perpetrator's Relationship with Maltreated Child,Caregiver,2020,15
CPR,Newly Registered Child Protection Cases,Perpetrator's Relationship with Maltreated Child,School teacher / personnel,2020,16
CPR,Newly Registered Child Protection Cases,Perpetrator's Relationship with Maltreated Child,Staff of boarding section of school,2020,0
CPR,Newly Registered Child Protection Cases,Perpetrator's Relationship with Maltreated Child,Tutor / Coach,2020,19
CPR,Newly Registered Child Protection Cases,Perpetrator's Relationship with Maltreated Child,Religious personnel,2020,1
CPR,Newly Registered Child Protection Cases,Perpetrator's Relationship with Maltreated Child,Schoolmate / friend / peer,2020,89
CPR,Newly Registered Child Protection Cases,Perpetrator's Relationship with Maltreated Child,Co-tenant / Neighbour,2020,7
CPR,Newly Registered Child Protection Cases,Perpetrator's Relationship with Maltreated Child,Inmate of residential service,2020,5
CPR,Newly Registered Child Protection Cases,Perpetrator's Relationship with Maltreated Child,Unrelated person (including strangers) ,2020,104
CPR,Newly Registered Child Protection Cases,Perpetrator's Relationship with Maltreated Child,Unidentified person,2020,25
CPR,Newly Registered Child Protection Cases,Perpetrator's Relationship with Maltreated Child,Other,2020,1
CPR,Newly Registered Child Protection Cases,District Where Maltreatment Incident Happened,Central & Western,2020,11
CPR,Newly Registered Child Protection Cases,District Where Maltreatment Incident Happened,Southern,2020,23
CPR,Newly Registered Child Protection Cases,District Where Maltreatment Incident Happened,Islands,2020,16
CPR,Newly Registered Child Protection Cases,District Where Maltreatment Incident Happened,Eastern,2020,53
CPR,Newly Registered Child Protection Cases,District Where Maltreatment Incident Happened,Wan Chai,2020,12
CPR,Newly Registered Child Protection Cases,District Where Maltreatment Incident Happened,Kowloon City,2020,48
CPR,Newly Registered Child Protection Cases,District Where Maltreatment Incident Happened,Yau Tsim Mong,2020,74
CPR,Newly Registered Child Protection Cases,District Where Maltreatment Incident Happened,Sham Shui Po,2020,73
CPR,Newly Registered Child Protection Cases,District Where Maltreatment Incident Happened,Wong Tai Sin,2020,49
CPR,Newly Registered Child Protection Cases,District Where Maltreatment Incident Happened,Sai Kung,2020,39
CPR,Newly Registered Child Protection Cases,District Where Maltreatment Incident Happened,Kwun Tong,2020,104
CPR,Newly Registered Child Protection Cases,District Where Maltreatment Incident Happened,Shatin,2020,63
CPR,Newly Registered Child Protection Cases,District Where Maltreatment Incident Happened,Tai Po,2020,28
CPR,Newly Registered Child Protection Cases,District Where Maltreatment Incident Happened,North,2020,42
CPR,Newly Registered Child Protection Cases,District Where Maltreatment Incident Happened,Yuen Long,2020,96
CPR,Newly Registered Child Protection Cases,District Where Maltreatment Incident Happened,Tsuen Wan,2020,35
CPR,Newly Registered Child Protection Cases,District Where Maltreatment Incident Happened,Kwai Tsing,2020,68
CPR,Newly Registered Child Protection Cases,District Where Maltreatment Incident Happened,Tuen Mun,2020,67
CPR,Newly Registered Child Protection Cases,District Where Maltreatment Incident Happened,Outside Hong Kong,2020,13
CPR,Newly Registered Child Protection Cases,District Where Maltreatment Incident Happened,Unknown,2020,26
CPR,Newly Registered Child Protection Cases,Types of Harm/Maltreatment,Physical harm / abuse,2021,593
CPR,Newly Registered Child Protection Cases,Types of Harm/Maltreatment,Neglect,2021,275
CPR,Newly Registered Child Protection Cases,Types of Harm/Maltreatment,Sexual abuse,2021,448
CPR,Newly Registered Child Protection Cases,Types of Harm/Maltreatment,Psychological harm / abuse,2021,9
CPR,Newly Registered Child Protection Cases,Types of Harm/Maltreatment,Multiple abuse,2021,42
CPR,Newly Registered Child Protection Cases,Sex of Maltreated Child,Female,2021,848
CPR,Newly Registered Child Protection Cases,Sex of Maltreated Child,Male,2021,519
CPR,Newly Registered Child Protection Cases,Perpetrator's Relationship with Maltreated Child,Parent,2021,863
CPR,Newly Registered Child Protection Cases,Perpetrator's Relationship with Maltreated Child,Sibling ,2021,32
CPR,Newly Registered Child Protection Cases,Perpetrator's Relationship with Maltreated Child,Step-parent,2021,40
CPR,Newly Registered Child Protection Cases,Perpetrator's Relationship with Maltreated Child,Grandparent,2021,32
CPR,Newly Registered Child Protection Cases,Perpetrator's Relationship with Maltreated Child,Relative,2021,32
CPR,Newly Registered Child Protection Cases,Perpetrator's Relationship with Maltreated Child,Family friend / Parent of peer,2021,18
CPR,Newly Registered Child Protection Cases,Perpetrator's Relationship with Maltreated Child,Caregiver,2021,42
CPR,Newly Registered Child Protection Cases,Perpetrator's Relationship with Maltreated Child,School teacher / personnel,2021,3
CPR,Newly Registered Child Protection Cases,Perpetrator's Relationship with Maltreated Child,Staff of boarding section of school,2021,0
CPR,Newly Registered Child Protection Cases,Perpetrator's Relationship with Maltreated Child,Tutor / Coach,2021,18
CPR,Newly Registered Child Protection Cases,Perpetrator's Relationship with Maltreated Child,Religious personnel,2021,2
CPR,Newly Registered Child Protection Cases,Perpetrator's Relationship with Maltreated Child,Schoolmate / friend / peer,2021,152
CPR,Newly Registered Child Protection Cases,Perpetrator's Relationship with Maltreated Child,Co-tenant / Neighbour,2021,7
CPR,Newly Registered Child Protection Cases,Perpetrator's Relationship with Maltreated Child,Inmate of residential service,2021,4
CPR,Newly Registered Child Protection Cases,Perpetrator's Relationship with Maltreated Child,Unrelated person (including strangers) ,2021,145
CPR,Newly Registered Child Protection Cases,Perpetrator's Relationship with Maltreated Child,Unidentified person,2021,51
CPR,Newly Registered Child Protection Cases,Perpetrator's Relationship with Maltreated Child,Other,2021,0
CPR,Newly Registered Child Protection Cases,District Where Maltreatment Incident Happened,Central & Western,2021,28
CPR,Newly Registered Child Protection Cases,District Where Maltreatment Incident Happened,Southern,2021,38
CPR,Newly Registered Child Protection Cases,District Where Maltreatment Incident Happened,Islands,2021,34
CPR,Newly Registered Child Protection Cases,District Where Maltreatment Incident Happened,Eastern,2021,56
CPR,Newly Registered Child Protection Cases,District Where Maltreatment Incident Happened,Wan Chai,2021,13
CPR,Newly Registered Child Protection Cases,District Where Maltreatment Incident Happened,Kowloon City,2021,64
CPR,Newly Registered Child Protection Cases,District Where Maltreatment Incident Happened,Yau Tsim Mong,2021,100
CPR,Newly Registered Child Protection Cases,District Where Maltreatment Incident Happened,Sham Shui Po,2021,90
CPR,Newly Registered Child Protection Cases,District Where Maltreatment Incident Happened,Wong Tai Sin,2021,81
CPR,Newly Registered Child Protection Cases,District Where Maltreatment Incident Happened,Sai Kung,2021,44
CPR,Newly Registered Child Protection Cases,District Where Maltreatment Incident Happened,Kwun Tong,2021,181
CPR,Newly Registered Child Protection Cases,District Where Maltreatment Incident Happened,Shatin,2021,93
CPR,Newly Registered Child Protection Cases,District Where Maltreatment Incident Happened,Tai Po,2021,45
CPR,Newly Registered Child Protection Cases,District Where Maltreatment Incident Happened,North,2021,61
CPR,Newly Registered Child Protection Cases,District Where Maltreatment Incident Happened,Yuen Long,2021,172
CPR,Newly Registered Child Protection Cases,District Where Maltreatment Incident Happened,Tsuen Wan,2021,35
CPR,Newly Registered Child Protection Cases,District Where Maltreatment Incident Happened,Kwai Tsing,2021,86
CPR,Newly Registered Child Protection Cases,District Where Maltreatment Incident Happened,Tuen Mun,2021,106
CPR,Newly Registered Child Protection Cases,District Where Maltreatment Incident Happened,Outside Hong Kong,2021,12
CPR,Newly Registered Child Protection Cases,District Where Maltreatment Incident Happened,Unknown,2021,28
CPR,Newly Registered Child Protection Cases,Types of Harm/Maltreatment,Physical harm / abuse,2022,652
CPR,Newly Registered Child Protection Cases,Types of Harm/Maltreatment,Neglect,2022,276
CPR,Newly Registered Child Protection Cases,Types of Harm/Maltreatment,Sexual abuse,2022,443
CPR,Newly Registered Child Protection Cases,Types of Harm/Maltreatment,Psychological harm / abuse,2022,15
CPR,Newly Registered Child Protection Cases,Types of Harm/Maltreatment,Multiple abuse,2022,53
CPR,Newly Registered Child Protection Cases,Sex of Maltreated Child,Female,2022,866
CPR,Newly Registered Child Protection Cases,Sex of Maltreated Child,Male,2022,573
CPR,Newly Registered Child Protection Cases,Perpetrator's Relationship with Maltreated Child,Parent,2022,858
CPR,Newly Registered Child Protection Cases,Perpetrator's Relationship with Maltreated Child,Sibling ,2022,22
CPR,Newly Registered Child Protection Cases,Perpetrator's Relationship with Maltreated Child,Step-parent,2022,54
CPR,Newly Registered Child Protection Cases,Perpetrator's Relationship with Maltreated Child,Grandparent,2022,29
CPR,Newly Registered Child Protection Cases,Perpetrator's Relationship with Maltreated Child,Relative,2022,30
CPR,Newly Registered Child Protection Cases,Perpetrator's Relationship with Maltreated Child,Family friend / Parent of peer,2022,19
CPR,Newly Registered Child Protection Cases,Perpetrator's Relationship with Maltreated Child,Caregiver,2022,73
CPR,Newly Registered Child Protection Cases,Perpetrator's Relationship with Maltreated Child,School teacher / personnel,2022,17
CPR,Newly Registered Child Protection Cases,Perpetrator's Relationship with Maltreated Child,Staff of boarding section of school,2022,0
CPR,Newly Registered Child Protection Cases,Perpetrator's Relationship with Maltreated Child,Tutor / Coach,2022,23
CPR,Newly Registered Child Protection Cases,Perpetrator's Relationship with Maltreated Child,Religious personnel,2022,1
CPR,Newly Registered Child Protection Cases,Perpetrator's Relationship with Maltreated Child,Schoolmate / friend / peer,2022,174
CPR,Newly Registered Child Protection Cases,Perpetrator's Relationship with Maltreated Child,Co-tenant / Neighbour,2022,2
CPR,Newly Registered Child Protection Cases,Perpetrator's Relationship with Maltreated Child,Inmate of residential service,2022,4
CPR,Newly Registered Child Protection Cases,Perpetrator's Relationship with Maltreated Child,Unrelated person (including strangers) ,2022,159
CPR,Newly Registered Child Protection Cases,Perpetrator's Relationship with Maltreated Child,Unidentified person,2022,45
CPR,Newly Registered Child Protection Cases,Perpetrator's Relationship with Maltreated Child,Other,2022,5
CPR,Newly Registered Child Protection Cases,District Where Maltreatment Incident Happened,Central & Western,2022,17
CPR,Newly Registered Child Protection Cases,District Where Maltreatment Incident Happened,Southern,2022,29
CPR,Newly Registered Child Protection Cases,District Where Maltreatment Incident Happened,Islands,2022,26
CPR,Newly Registered Child Protection Cases,District Where Maltreatment Incident Happened,Eastern,2022,71
CPR,Newly Registered Child Protection Cases,District Where Maltreatment Incident Happened,Wan Chai,2022,13
CPR,Newly Registered Child Protection Cases,District Where Maltreatment Incident Happened,Kowloon City,2022,62
CPR,Newly Registered Child Protection Cases,District Where Maltreatment Incident Happened,Yau Tsim Mong,2022,170
CPR,Newly Registered Child Protection Cases,District Where Maltreatment Incident Happened,Sham Shui Po,2022,81
CPR,Newly Registered Child Protection Cases,District Where Maltreatment Incident Happened,Wong Tai Sin,2022,69
CPR,Newly Registered Child Protection Cases,District Where Maltreatment Incident Happened,Sai Kung,2022,51
CPR,Newly Registered Child Protection Cases,District Where Maltreatment Incident Happened,Kwun Tong,2022,192
CPR,Newly Registered Child Protection Cases,District Where Maltreatment Incident Happened,Shatin,2022,116
CPR,Newly Registered Child Protection Cases,District Where Maltreatment Incident Happened,Tai Po,2022,34
CPR,Newly Registered Child Protection Cases,District Where Maltreatment Incident Happened,North,2022,64
CPR,Newly Registered Child Protection Cases,District Where Maltreatment Incident Happened,Yuen Long,2022,170
CPR,Newly Registered Child Protection Cases,District Where Maltreatment Incident Happened,Tsuen Wan,2022,46
CPR,Newly Registered Child Protection Cases,District Where Maltreatment Incident Happened,Kwai Tsing,2022,89
CPR,Newly Registered Child Protection Cases,District Where Maltreatment Incident Happened,Tuen Mun,2022,106
CPR,Newly Registered Child Protection Cases,District Where Maltreatment Incident Happened,Outside Hong Kong,2022,3
CPR,Newly Registered Child Protection Cases,District Where Maltreatment Incident Happened,Unknown,2022,30
CPR,Newly Registered Child Protection Cases,Types of Harm/Maltreatment,Physical harm / abuse,2023,602
CPR,Newly Registered Child Protection Cases,Types of Harm/Maltreatment,Neglect,2023,310
CPR,Newly Registered Child Protection Cases,Types of Harm/Maltreatment,Sexual abuse,2023,509
CPR,Newly Registered Child Protection Cases,Types of Harm/Maltreatment,Psychological harm / abuse,2023,7
CPR,Newly Registered Child Protection Cases,Types of Harm/Maltreatment,Multiple abuse,2023,29
CPR,Newly Registered Child Protection Cases,Sex of Maltreated Child,Female,2023,880
CPR,Newly Registered Child Protection Cases,Sex of Maltreated Child,Male,2023,577
CPR,Newly Registered Child Protection Cases,Perpetrator's Relationship with Maltreated Child,Parent,2023,858
CPR,Newly Registered Child Protection Cases,Perpetrator's Relationship with Maltreated Child,Sibling ,2023,25
CPR,Newly Registered Child Protection Cases,Perpetrator's Relationship with Maltreated Child,Step-parent,2023,50
CPR,Newly Registered Child Protection Cases,Perpetrator's Relationship with Maltreated Child,Grandparent,2023,28
CPR,Newly Registered Child Protection Cases,Perpetrator's Relationship with Maltreated Child,Relative,2023,25
CPR,Newly Registered Child Protection Cases,Perpetrator's Relationship with Maltreated Child,Family friend / Parent of peer,2023,11
CPR,Newly Registered Child Protection Cases,Perpetrator's Relationship with Maltreated Child,Caregiver,2023,36
CPR,Newly Registered Child Protection Cases,Perpetrator's Relationship with Maltreated Child,School teacher / personnel,2023,29
CPR,Newly Registered Child Protection Cases,Perpetrator's Relationship with Maltreated Child,Staff of boarding section of school,2023,2
CPR,Newly Registered Child Protection Cases,Perpetrator's Relationship with Maltreated Child,Tutor / Coach,2023,63
CPR,Newly Registered Child Protection Cases,Perpetrator's Relationship with Maltreated Child,Religious personnel,2023,4
CPR,Newly Registered Child Protection Cases,Perpetrator's Relationship with Maltreated Child,Schoolmate / friend / peer,2023,190
CPR,Newly Registered Child Protection Cases,Perpetrator's Relationship with Maltreated Child,Co-tenant / Neighbour,2023,9
CPR,Newly Registered Child Protection Cases,Perpetrator's Relationship with Maltreated Child,Inmate of residential service,2023,5
CPR,Newly Registered Child Protection Cases,Perpetrator's Relationship with Maltreated Child,Unrelated person (including strangers) ,2023,142
CPR,Newly Registered Child Protection Cases,Perpetrator's Relationship with Maltreated Child,Unidentified person,2023,62
CPR,Newly Registered Child Protection Cases,Perpetrator's Relationship with Maltreated Child,Other,2023,0
CPR,Newly Registered Child Protection Cases,District Where Maltreatment Incident Happened,Central & Western,2023,24
CPR,Newly Registered Child Protection Cases,District Where Maltreatment Incident Happened,Southern,2023,38
CPR,Newly Registered Child Protection Cases,District Where Maltreatment Incident Happened,Islands,2023,32
CPR,Newly Registered Child Protection Cases,District Where Maltreatment Incident Happened,Eastern,2023,80
CPR,Newly Registered Child Protection Cases,District Where Maltreatment Incident Happened,Wan Chai,2023,20
CPR,Newly Registered Child Protection Cases,District Where Maltreatment Incident Happened,Kowloon City,2023,63
CPR,Newly Registered Child Protection Cases,District Where Maltreatment Incident Happened,Yau Tsim Mong,2023,88
CPR,Newly Registered Child Protection Cases,District Where Maltreatment Incident Happened,Sham Shui Po,2023,131
CPR,Newly Registered Child Protection Cases,District Where Maltreatment Incident Happened,Wong Tai Sin,2023,68
CPR,Newly Registered Child Protection Cases,District Where Maltreatment Incident Happened,Sai Kung,2023,55
CPR,Newly Registered Child Protection Cases,District Where Maltreatment Incident Happened,Kwun Tong,2023,140
CPR,Newly Registered Child Protection Cases,District Where Maltreatment Incident Happened,Shatin,2023,74
CPR,Newly Registered Child Protection Cases,District Where Maltreatment Incident Happened,Tai Po,2023,44
CPR,Newly Registered Child Protection Cases,District Where Maltreatment Incident Happened,North,2023,63
CPR,Newly Registered Child Protection Cases,District Where Maltreatment Incident Happened,Yuen Long,2023,197
CPR,Newly Registered Child Protection Cases,District Where Maltreatment Incident Happened,Tsuen Wan,2023,45
CPR,Newly Registered Child Protection Cases,District Where Maltreatment Incident Happened,Kwai Tsing,2023,90
CPR,Newly Registered Child Protection Cases,District Where Maltreatment Incident Happened,Tuen Mun,2023,133
CPR,Newly Registered Child Protection Cases,District Where Maltreatment Incident Happened,Outside Hong Kong,2023,32
CPR,Newly Registered Child Protection Cases,District Where Maltreatment Incident Happened,Unknown,2023,40
