Year,Incident Being or Not Reported to Police,Category,Item,No. of Cases
2005,N/A,Type of Elder Abuse,Physical abuse,390
2005,N/A,Type of Elder Abuse,Psychological abuse,26
2005,N/A,Type of Elder Abuse,Neglect,3
2005,N/A,Type of Elder Abuse,Financial abuse,87
2005,N/A,Type of Elder Abuse,Abandonment,1
2005,N/A,Type of Elder Abuse,Sexual abuse,1
2005,N/A,Type of Elder Abuse,Others,0
2005,N/A,Type of Elder Abuse,Multiple abuse,20
2005,N/A,Type of Elder Abuse and Sex of Elderly Person Being Abused,Physical abuse - Male,200
2005,N/A,Type of Elder Abuse and Sex of Elderly Person Being Abused,Psychological abuse - Male,15
2005,N/A,Type of Elder Abuse and Sex of Elderly Person Being Abused,Neglect - Male,1
2005,N/A,Type of Elder Abuse and Sex of Elderly Person Being Abused,Financial abuse - Male,41
2005,N/A,Type of Elder Abuse and Sex of Elderly Person Being Abused,Abandonment - Male,1
2005,N/A,Type of Elder Abuse and Sex of Elderly Person Being Abused,Sexual abuse - Male,1
2005,N/A,Type of Elder Abuse and Sex of Elderly Person Being Abused,Others - Male,0
2005,N/A,Type of Elder Abuse and Sex of Elderly Person Being Abused,Multiple abuse - Male,6
2005,N/A,Type of Elder Abuse and Sex of Elderly Person Being Abused,Physical abuse - Female,190
2005,N/A,Type of Elder Abuse and Sex of Elderly Person Being Abused,Psychological abuse  - Female,11
2005,N/A,Type of Elder Abuse and Sex of Elderly Person Being Abused,Neglect - Female,2
2005,N/A,Type of Elder Abuse and Sex of Elderly Person Being Abused,Financial abuse - Female,46
2005,N/A,Type of Elder Abuse and Sex of Elderly Person Being Abused,Abandonment - Female,0
2005,N/A,Type of Elder Abuse and Sex of Elderly Person Being Abused,Sexual abuse - Female,0
2005,N/A,Type of Elder Abuse and Sex of Elderly Person Being Abused,Others - Female,0
2005,N/A,Type of Elder Abuse and Sex of Elderly Person Being Abused,Multiple abuse - Female,14
2005,N/A,Abuser's Relationship with Elderly Person Being Abused,Son,57
2005,N/A,Abuser's Relationship with Elderly Person Being Abused,Daughter,8
2005,N/A,Abuser's Relationship with Elderly Person Being Abused,Son-in-law,3
2005,N/A,Abuser's Relationship with Elderly Person Being Abused,Daughter-in-law,16
2005,N/A,Abuser's Relationship with Elderly Person Being Abused,Spouse/ intimate partner,226
2005,N/A,Abuser's Relationship with Elderly Person Being Abused,Grandchildren,7
2005,N/A,Abuser's Relationship with Elderly Person Being Abused,Relative,11
2005,N/A,Abuser's Relationship with Elderly Person Being Abused,Friend/ neighbour,129
2005,N/A,Abuser's Relationship with Elderly Person Being Abused,Not relative but living  together,21
2005,N/A,Abuser's Relationship with Elderly Person Being Abused,Domestic helper,37
2005,N/A,Abuser's Relationship with Elderly Person Being Abused,Staff of the agency  providing  services for  the elderly  person,3
2005,N/A,Abuser's Relationship with Elderly Person Being Abused,Others,10
2005,N/A,Residential District of Elderly Person Being Abused,Central and Western,19
2005,N/A,Residential District of Elderly Person Being Abused,Southern,19
2005,N/A,Residential District of Elderly Person Being Abused,Islands,7
2005,N/A,Residential District of Elderly Person Being Abused,Eastern,42
2005,N/A,Residential District of Elderly Person Being Abused,Wan Chai,10
2005,N/A,Residential District of Elderly Person Being Abused,Kowloon City,33
2005,N/A,Residential District of Elderly Person Being Abused,Yau Tsim Mong,29
2005,N/A,Residential District of Elderly Person Being Abused,Sham Shui Po,25
2005,N/A,Residential District of Elderly Person Being Abused,Wong Tai Sin,43
2005,N/A,Residential District of Elderly Person Being Abused,Sai Kung,11
2005,N/A,Residential District of Elderly Person Being Abused,Kwun Tong,79
2005,N/A,Residential District of Elderly Person Being Abused,Sha Tin,31
2005,N/A,Residential District of Elderly Person Being Abused,Tai Po,19
2005,N/A,Residential District of Elderly Person Being Abused,North,12
2005,N/A,Residential District of Elderly Person Being Abused,Yuen Long,40
2005,N/A,Residential District of Elderly Person Being Abused,Tsuen Wan,36
2005,N/A,Residential District of Elderly Person Being Abused,Kwai Tsing,44
2005,N/A,Residential District of Elderly Person Being Abused,Tuen Mun,29
2005,N/A,Residential District of Elderly Person Being Abused,Unknown,0
2006,N/A,Type of Elder Abuse,Physical abuse,327
2006,N/A,Type of Elder Abuse,Psychological abuse,57
2006,N/A,Type of Elder Abuse,Neglect,3
2006,N/A,Type of Elder Abuse,Financial abuse,92
2006,N/A,Type of Elder Abuse,Abandonment,1
2006,N/A,Type of Elder Abuse,Sexual abuse,4
2006,N/A,Type of Elder Abuse,Others,0
2006,N/A,Type of Elder Abuse,Multiple abuse,38
2006,N/A,Type of Elder Abuse and Sex of Elderly Person Being Abused,Physical abuse - Male,151
2006,N/A,Type of Elder Abuse and Sex of Elderly Person Being Abused,Psychological abuse - Male,25
2006,N/A,Type of Elder Abuse and Sex of Elderly Person Being Abused,Neglect - Male,2
2006,N/A,Type of Elder Abuse and Sex of Elderly Person Being Abused,Financial abuse - Male,44
2006,N/A,Type of Elder Abuse and Sex of Elderly Person Being Abused,Abandonment - Male,1
2006,N/A,Type of Elder Abuse and Sex of Elderly Person Being Abused,Sexual abuse - Male,0
2006,N/A,Type of Elder Abuse and Sex of Elderly Person Being Abused,Others - Male,0
2006,N/A,Type of Elder Abuse and Sex of Elderly Person Being Abused,Multiple abuse - Male,15
2006,N/A,Type of Elder Abuse and Sex of Elderly Person Being Abused,Physical abuse - Female,176
2006,N/A,Type of Elder Abuse and Sex of Elderly Person Being Abused,Psychological abuse  - Female,32
2006,N/A,Type of Elder Abuse and Sex of Elderly Person Being Abused,Neglect - Female,1
2006,N/A,Type of Elder Abuse and Sex of Elderly Person Being Abused,Financial abuse - Female,48
2006,N/A,Type of Elder Abuse and Sex of Elderly Person Being Abused,Abandonment - Female,0
2006,N/A,Type of Elder Abuse and Sex of Elderly Person Being Abused,Sexual abuse - Female,4
2006,N/A,Type of Elder Abuse and Sex of Elderly Person Being Abused,Others - Female,0
2006,N/A,Type of Elder Abuse and Sex of Elderly Person Being Abused,Multiple abuse - Female,23
2006,N/A,Abuser's Relationship with Elderly Person Being Abused,Son,74
2006,N/A,Abuser's Relationship with Elderly Person Being Abused,Daughter,19
2006,N/A,Abuser's Relationship with Elderly Person Being Abused,Son-in-law,6
2006,N/A,Abuser's Relationship with Elderly Person Being Abused,Daughter-in-law,21
2006,N/A,Abuser's Relationship with Elderly Person Being Abused,Spouse/ intimate partner,262
2006,N/A,Abuser's Relationship with Elderly Person Being Abused,Grandchildren,6
2006,N/A,Abuser's Relationship with Elderly Person Being Abused,Relative,12
2006,N/A,Abuser's Relationship with Elderly Person Being Abused,Friend/ neighbour,50
2006,N/A,Abuser's Relationship with Elderly Person Being Abused,Not relative but living  together,10
2006,N/A,Abuser's Relationship with Elderly Person Being Abused,Domestic helper,49
2006,N/A,Abuser's Relationship with Elderly Person Being Abused,Staff of the agency  providing  services for  the elderly  person,4
2006,N/A,Abuser's Relationship with Elderly Person Being Abused,Others,9
2006,N/A,Residential District of Elderly Person Being Abused,Central and Western,14
2006,N/A,Residential District of Elderly Person Being Abused,Southern,21
2006,N/A,Residential District of Elderly Person Being Abused,Islands,3
2006,N/A,Residential District of Elderly Person Being Abused,Eastern,67
2006,N/A,Residential District of Elderly Person Being Abused,Wan Chai,6
2006,N/A,Residential District of Elderly Person Being Abused,Kowloon City,20
2006,N/A,Residential District of Elderly Person Being Abused,Yau Tsim Mong,20
2006,N/A,Residential District of Elderly Person Being Abused,Sham Shui Po,42
2006,N/A,Residential District of Elderly Person Being Abused,Wong Tai Sin,32
2006,N/A,Residential District of Elderly Person Being Abused,Sai Kung,13
2006,N/A,Residential District of Elderly Person Being Abused,Kwun Tong,78
2006,N/A,Residential District of Elderly Person Being Abused,Sha Tin,30
2006,N/A,Residential District of Elderly Person Being Abused,Tai Po,13
2006,N/A,Residential District of Elderly Person Being Abused,North,15
2006,N/A,Residential District of Elderly Person Being Abused,Yuen Long,48
2006,N/A,Residential District of Elderly Person Being Abused,Tsuen Wan,27
2006,N/A,Residential District of Elderly Person Being Abused,Kwai Tsing,40
2006,N/A,Residential District of Elderly Person Being Abused,Tuen Mun,30
2006,N/A,Residential District of Elderly Person Being Abused,Unknown,3
2007,N/A,Type of Elder Abuse,Physical abuse,355
2007,N/A,Type of Elder Abuse,Psychological abuse,141
2007,N/A,Type of Elder Abuse,Neglect,2
2007,N/A,Type of Elder Abuse,Financial abuse,76
2007,N/A,Type of Elder Abuse,Abandonment,0
2007,N/A,Type of Elder Abuse,Sexual abuse,1
2007,N/A,Type of Elder Abuse,Others,0
2007,N/A,Type of Elder Abuse,Multiple abuse,37
2007,N/A,Type of Elder Abuse and Sex of Elderly Person Being Abused,Physical abuse - Male,159
2007,N/A,Type of Elder Abuse and Sex of Elderly Person Being Abused,Psychological abuse - Male,66
2007,N/A,Type of Elder Abuse and Sex of Elderly Person Being Abused,Neglect - Male,0
2007,N/A,Type of Elder Abuse and Sex of Elderly Person Being Abused,Financial abuse - Male,26
2007,N/A,Type of Elder Abuse and Sex of Elderly Person Being Abused,Abandonment - Male,0
2007,N/A,Type of Elder Abuse and Sex of Elderly Person Being Abused,Sexual abuse - Male,0
2007,N/A,Type of Elder Abuse and Sex of Elderly Person Being Abused,Others - Male,0
2007,N/A,Type of Elder Abuse and Sex of Elderly Person Being Abused,Multiple abuse - Male,13
2007,N/A,Type of Elder Abuse and Sex of Elderly Person Being Abused,Physical abuse - Female,196
2007,N/A,Type of Elder Abuse and Sex of Elderly Person Being Abused,Psychological abuse  - Female,75
2007,N/A,Type of Elder Abuse and Sex of Elderly Person Being Abused,Neglect - Female,2
2007,N/A,Type of Elder Abuse and Sex of Elderly Person Being Abused,Financial abuse - Female,50
2007,N/A,Type of Elder Abuse and Sex of Elderly Person Being Abused,Abandonment - Female,0
2007,N/A,Type of Elder Abuse and Sex of Elderly Person Being Abused,Sexual abuse - Female,1
2007,N/A,Type of Elder Abuse and Sex of Elderly Person Being Abused,Others - Female,0
2007,N/A,Type of Elder Abuse and Sex of Elderly Person Being Abused,Multiple abuse - Female,24
2007,N/A,Abuser's Relationship with Elderly Person Being Abused,Son,73
2007,N/A,Abuser's Relationship with Elderly Person Being Abused,Daughter,17
2007,N/A,Abuser's Relationship with Elderly Person Being Abused,Son-in-law,6
2007,N/A,Abuser's Relationship with Elderly Person Being Abused,Daughter-in-law,21
2007,N/A,Abuser's Relationship with Elderly Person Being Abused,Spouse/ intimate partner,415
2007,N/A,Abuser's Relationship with Elderly Person Being Abused,Grandchildren,16
2007,N/A,Abuser's Relationship with Elderly Person Being Abused,Relative,6
2007,N/A,Abuser's Relationship with Elderly Person Being Abused,Friend/ neighbour,2
2007,N/A,Abuser's Relationship with Elderly Person Being Abused,Not relative but living  together,0
2007,N/A,Abuser's Relationship with Elderly Person Being Abused,Domestic helper,49
2007,N/A,Abuser's Relationship with Elderly Person Being Abused,Staff of the agency  providing  services for  the elderly  person,4
2007,N/A,Abuser's Relationship with Elderly Person Being Abused,Others,3
2007,N/A,Residential District of Elderly Person Being Abused,Central and Western,16
2007,N/A,Residential District of Elderly Person Being Abused,Southern,19
2007,N/A,Residential District of Elderly Person Being Abused,Islands,1
2007,N/A,Residential District of Elderly Person Being Abused,Eastern,48
2007,N/A,Residential District of Elderly Person Being Abused,Wan Chai,16
2007,N/A,Residential District of Elderly Person Being Abused,Kowloon City,29
2007,N/A,Residential District of Elderly Person Being Abused,Yau Tsim Mong,32
2007,N/A,Residential District of Elderly Person Being Abused,Sham Shui Po,40
2007,N/A,Residential District of Elderly Person Being Abused,Wong Tai Sin,57
2007,N/A,Residential District of Elderly Person Being Abused,Sai Kung,11
2007,N/A,Residential District of Elderly Person Being Abused,Kwun Tong,83
2007,N/A,Residential District of Elderly Person Being Abused,Sha Tin,44
2007,N/A,Residential District of Elderly Person Being Abused,Tai Po,8
2007,N/A,Residential District of Elderly Person Being Abused,North,22
2007,N/A,Residential District of Elderly Person Being Abused,Yuen Long,39
2007,N/A,Residential District of Elderly Person Being Abused,Tsuen Wan,30
2007,N/A,Residential District of Elderly Person Being Abused,Kwai Tsing,90
2007,N/A,Residential District of Elderly Person Being Abused,Tuen Mun,24
2007,N/A,Residential District of Elderly Person Being Abused,Unknown,3
2008,N/A,Type of Elder Abuse,Physical abuse,363
2008,N/A,Type of Elder Abuse,Psychological abuse,188
2008,N/A,Type of Elder Abuse,Neglect,1
2008,N/A,Type of Elder Abuse,Financial abuse,66
2008,N/A,Type of Elder Abuse,Abandonment,1
2008,N/A,Type of Elder Abuse,Sexual abuse,6
2008,N/A,Type of Elder Abuse,Others,0
2008,N/A,Type of Elder Abuse,Multiple abuse,22
2008,N/A,Type of Elder Abuse and Sex of Elderly Person Being Abused,Physical abuse - Male,151
2008,N/A,Type of Elder Abuse and Sex of Elderly Person Being Abused,Psychological abuse - Male,93
2008,N/A,Type of Elder Abuse and Sex of Elderly Person Being Abused,Neglect - Male,0
2008,N/A,Type of Elder Abuse and Sex of Elderly Person Being Abused,Financial abuse - Male,28
2008,N/A,Type of Elder Abuse and Sex of Elderly Person Being Abused,Abandonment - Male,0
2008,N/A,Type of Elder Abuse and Sex of Elderly Person Being Abused,Sexual abuse - Male,0
2008,N/A,Type of Elder Abuse and Sex of Elderly Person Being Abused,Others - Male,0
2008,N/A,Type of Elder Abuse and Sex of Elderly Person Being Abused,Multiple abuse - Male,9
2008,N/A,Type of Elder Abuse and Sex of Elderly Person Being Abused,Physical abuse - Female,212
2008,N/A,Type of Elder Abuse and Sex of Elderly Person Being Abused,Psychological abuse  - Female,95
2008,N/A,Type of Elder Abuse and Sex of Elderly Person Being Abused,Neglect - Female,1
2008,N/A,Type of Elder Abuse and Sex of Elderly Person Being Abused,Financial abuse - Female,38
2008,N/A,Type of Elder Abuse and Sex of Elderly Person Being Abused,Abandonment - Female,1
2008,N/A,Type of Elder Abuse and Sex of Elderly Person Being Abused,Sexual abuse - Female,6
2008,N/A,Type of Elder Abuse and Sex of Elderly Person Being Abused,Others - Female,0
2008,N/A,Type of Elder Abuse and Sex of Elderly Person Being Abused,Multiple abuse - Female,13
2008,N/A,Abuser's Relationship with Elderly Person Being Abused,Son,61
2008,N/A,Abuser's Relationship with Elderly Person Being Abused,Daughter,13
2008,N/A,Abuser's Relationship with Elderly Person Being Abused,Son-in-law,0
2008,N/A,Abuser's Relationship with Elderly Person Being Abused,Daughter-in-law,13
2008,N/A,Abuser's Relationship with Elderly Person Being Abused,Spouse/ intimate partner,484
2008,N/A,Abuser's Relationship with Elderly Person Being Abused,Grandchildren,10
2008,N/A,Abuser's Relationship with Elderly Person Being Abused,Relative,3
2008,N/A,Abuser's Relationship with Elderly Person Being Abused,Friend/ neighbour,3
2008,N/A,Abuser's Relationship with Elderly Person Being Abused,Not relative but living  together,2
2008,N/A,Abuser's Relationship with Elderly Person Being Abused,Domestic helper,49
2008,N/A,Abuser's Relationship with Elderly Person Being Abused,Staff of the agency  providing  services for  the elderly  person,8
2008,N/A,Abuser's Relationship with Elderly Person Being Abused,Others,1
2008,N/A,Residential District of Elderly Person Being Abused,Central and Western,17
2008,N/A,Residential District of Elderly Person Being Abused,Southern,19
2008,N/A,Residential District of Elderly Person Being Abused,Islands,4
2008,N/A,Residential District of Elderly Person Being Abused,Eastern,33
2008,N/A,Residential District of Elderly Person Being Abused,Wan Chai,11
2008,N/A,Residential District of Elderly Person Being Abused,Kowloon City,26
2008,N/A,Residential District of Elderly Person Being Abused,Yau Tsim Mong,27
2008,N/A,Residential District of Elderly Person Being Abused,Sham Shui Po,33
2008,N/A,Residential District of Elderly Person Being Abused,Wong Tai Sin,103
2008,N/A,Residential District of Elderly Person Being Abused,Sai Kung,13
2008,N/A,Residential District of Elderly Person Being Abused,Kwun Tong,77
2008,N/A,Residential District of Elderly Person Being Abused,Sha Tin,33
2008,N/A,Residential District of Elderly Person Being Abused,Tai Po,24
2008,N/A,Residential District of Elderly Person Being Abused,North,33
2008,N/A,Residential District of Elderly Person Being Abused,Yuen Long,42
2008,N/A,Residential District of Elderly Person Being Abused,Tsuen Wan,29
2008,N/A,Residential District of Elderly Person Being Abused,Kwai Tsing,90
2008,N/A,Residential District of Elderly Person Being Abused,Tuen Mun,29
2008,N/A,Residential District of Elderly Person Being Abused,Unknown,4
2009,N/A,Type of Elder Abuse,Physical abuse,344
2009,N/A,Type of Elder Abuse,Psychological abuse,35
2009,N/A,Type of Elder Abuse,Neglect,0
2009,N/A,Type of Elder Abuse,Financial abuse,62
2009,N/A,Type of Elder Abuse,Abandonment,0
2009,N/A,Type of Elder Abuse,Sexual abuse,4
2009,N/A,Type of Elder Abuse,Others,0
2009,N/A,Type of Elder Abuse,Multiple abuse,20
2009,N/A,Type of Elder Abuse and Sex of Elderly Person Being Abused,Physical abuse - Male,148
2009,N/A,Type of Elder Abuse and Sex of Elderly Person Being Abused,Psychological abuse - Male,17
2009,N/A,Type of Elder Abuse and Sex of Elderly Person Being Abused,Neglect - Male,0
2009,N/A,Type of Elder Abuse and Sex of Elderly Person Being Abused,Financial abuse - Male,19
2009,N/A,Type of Elder Abuse and Sex of Elderly Person Being Abused,Abandonment - Male,0
2009,N/A,Type of Elder Abuse and Sex of Elderly Person Being Abused,Sexual abuse - Male,0
2009,N/A,Type of Elder Abuse and Sex of Elderly Person Being Abused,Others - Male,0
2009,N/A,Type of Elder Abuse and Sex of Elderly Person Being Abused,Multiple abuse - Male,6
2009,N/A,Type of Elder Abuse and Sex of Elderly Person Being Abused,Physical abuse - Female,196
2009,N/A,Type of Elder Abuse and Sex of Elderly Person Being Abused,Psychological abuse  - Female,18
2009,N/A,Type of Elder Abuse and Sex of Elderly Person Being Abused,Neglect - Female,0
2009,N/A,Type of Elder Abuse and Sex of Elderly Person Being Abused,Financial abuse - Female,43
2009,N/A,Type of Elder Abuse and Sex of Elderly Person Being Abused,Abandonment - Female,0
2009,N/A,Type of Elder Abuse and Sex of Elderly Person Being Abused,Sexual abuse - Female,4
2009,N/A,Type of Elder Abuse and Sex of Elderly Person Being Abused,Others - Female,0
2009,N/A,Type of Elder Abuse and Sex of Elderly Person Being Abused,Multiple abuse - Female,14
2009,N/A,Abuser's Relationship with Elderly Person Being Abused,Son,57
2009,N/A,Abuser's Relationship with Elderly Person Being Abused,Daughter,11
2009,N/A,Abuser's Relationship with Elderly Person Being Abused,Son-in-law,1
2009,N/A,Abuser's Relationship with Elderly Person Being Abused,Daughter-in-law,13
2009,N/A,Abuser's Relationship with Elderly Person Being Abused,Spouse/ intimate partner,313
2009,N/A,Abuser's Relationship with Elderly Person Being Abused,Grandchildren,7
2009,N/A,Abuser's Relationship with Elderly Person Being Abused,Relative,1
2009,N/A,Abuser's Relationship with Elderly Person Being Abused,Friend/ neighbour,3
2009,N/A,Abuser's Relationship with Elderly Person Being Abused,Not relative but living  together,1
2009,N/A,Abuser's Relationship with Elderly Person Being Abused,Domestic helper,46
2009,N/A,Abuser's Relationship with Elderly Person Being Abused,Staff of the agency  providing  services for  the elderly  person,9
2009,N/A,Abuser's Relationship with Elderly Person Being Abused,Others,3
2009,N/A,Residential District of Elderly Person Being Abused,Central and Western,13
2009,N/A,Residential District of Elderly Person Being Abused,Southern,12
2009,N/A,Residential District of Elderly Person Being Abused,Islands,12
2009,N/A,Residential District of Elderly Person Being Abused,Eastern,21
2009,N/A,Residential District of Elderly Person Being Abused,Wan Chai,7
2009,N/A,Residential District of Elderly Person Being Abused,Kowloon City,36
2009,N/A,Residential District of Elderly Person Being Abused,Yau Tsim Mong,25
2009,N/A,Residential District of Elderly Person Being Abused,Sham Shui Po,27
2009,N/A,Residential District of Elderly Person Being Abused,Wong Tai Sin,43
2009,N/A,Residential District of Elderly Person Being Abused,Sai Kung,7
2009,N/A,Residential District of Elderly Person Being Abused,Kwun Tong,57
2009,N/A,Residential District of Elderly Person Being Abused,Sha Tin,33
2009,N/A,Residential District of Elderly Person Being Abused,Tai Po,14
2009,N/A,Residential District of Elderly Person Being Abused,North,12
2009,N/A,Residential District of Elderly Person Being Abused,Yuen Long,35
2009,N/A,Residential District of Elderly Person Being Abused,Tsuen Wan,24
2009,N/A,Residential District of Elderly Person Being Abused,Kwai Tsing,36
2009,N/A,Residential District of Elderly Person Being Abused,Tuen Mun,25
2009,N/A,Residential District of Elderly Person Being Abused,Unknown,26
2010,N/A,Type of Elder Abuse,Physical abuse,248
2010,N/A,Type of Elder Abuse,Psychological abuse,24
2010,N/A,Type of Elder Abuse,Neglect,3
2010,N/A,Type of Elder Abuse,Financial abuse,18
2010,N/A,Type of Elder Abuse,Abandonment,1
2010,N/A,Type of Elder Abuse,Sexual abuse,1
2010,N/A,Type of Elder Abuse,Others,3
2010,N/A,Type of Elder Abuse,Multiple abuse,21
2010,N/A,Type of Elder Abuse and Sex of Elderly Person Being Abused,Physical abuse - Male,94
2010,N/A,Type of Elder Abuse and Sex of Elderly Person Being Abused,Psychological abuse - Male,8
2010,N/A,Type of Elder Abuse and Sex of Elderly Person Being Abused,Neglect - Male,2
2010,N/A,Type of Elder Abuse and Sex of Elderly Person Being Abused,Financial abuse - Male,4
2010,N/A,Type of Elder Abuse and Sex of Elderly Person Being Abused,Abandonment - Male,1
2010,N/A,Type of Elder Abuse and Sex of Elderly Person Being Abused,Sexual abuse - Male,0
2010,N/A,Type of Elder Abuse and Sex of Elderly Person Being Abused,Others - Male,0
2010,N/A,Type of Elder Abuse and Sex of Elderly Person Being Abused,Multiple abuse - Male,5
2010,N/A,Type of Elder Abuse and Sex of Elderly Person Being Abused,Physical abuse - Female,154
2010,N/A,Type of Elder Abuse and Sex of Elderly Person Being Abused,Psychological abuse  - Female,16
2010,N/A,Type of Elder Abuse and Sex of Elderly Person Being Abused,Neglect - Female,1
2010,N/A,Type of Elder Abuse and Sex of Elderly Person Being Abused,Financial abuse - Female,14
2010,N/A,Type of Elder Abuse and Sex of Elderly Person Being Abused,Abandonment - Female,0
2010,N/A,Type of Elder Abuse and Sex of Elderly Person Being Abused,Sexual abuse - Female,1
2010,N/A,Type of Elder Abuse and Sex of Elderly Person Being Abused,Others - Female,3
2010,N/A,Type of Elder Abuse and Sex of Elderly Person Being Abused,Multiple abuse - Female,16
2010,N/A,Abuser's Relationship with Elderly Person Being Abused,Son,27
2010,N/A,Abuser's Relationship with Elderly Person Being Abused,Daughter,6
2010,N/A,Abuser's Relationship with Elderly Person Being Abused,Son-in-law,2
2010,N/A,Abuser's Relationship with Elderly Person Being Abused,Daughter-in-law,4
2010,N/A,Abuser's Relationship with Elderly Person Being Abused,Spouse/ intimate partner,250
2010,N/A,Abuser's Relationship with Elderly Person Being Abused,Grandchildren,1
2010,N/A,Abuser's Relationship with Elderly Person Being Abused,Relative,3
2010,N/A,Abuser's Relationship with Elderly Person Being Abused,Friend/ neighbour,2
2010,N/A,Abuser's Relationship with Elderly Person Being Abused,Not relative but living  together,2
2010,N/A,Abuser's Relationship with Elderly Person Being Abused,Domestic helper,15
2010,N/A,Abuser's Relationship with Elderly Person Being Abused,Staff of the agency  providing  services for  the elderly  person,2
2010,N/A,Abuser's Relationship with Elderly Person Being Abused,Others,5
2010,N/A,Residential District of Elderly Person Being Abused,Central and Western,19
2010,N/A,Residential District of Elderly Person Being Abused,Southern,16
2010,N/A,Residential District of Elderly Person Being Abused,Islands,3
2010,N/A,Residential District of Elderly Person Being Abused,Eastern,15
2010,N/A,Residential District of Elderly Person Being Abused,Wan Chai,5
2010,N/A,Residential District of Elderly Person Being Abused,Kowloon City,8
2010,N/A,Residential District of Elderly Person Being Abused,Yau Tsim Mong,8
2010,N/A,Residential District of Elderly Person Being Abused,Sham Shui Po,7
2010,N/A,Residential District of Elderly Person Being Abused,Wong Tai Sin,21
2010,N/A,Residential District of Elderly Person Being Abused,Sai Kung,10
2010,N/A,Residential District of Elderly Person Being Abused,Kwun Tong,26
2010,N/A,Residential District of Elderly Person Being Abused,Sha Tin,26
2010,N/A,Residential District of Elderly Person Being Abused,Tai Po,9
2010,N/A,Residential District of Elderly Person Being Abused,North,8
2010,N/A,Residential District of Elderly Person Being Abused,Yuen Long,24
2010,N/A,Residential District of Elderly Person Being Abused,Tsuen Wan,19
2010,N/A,Residential District of Elderly Person Being Abused,Kwai Tsing,28
2010,N/A,Residential District of Elderly Person Being Abused,Tuen Mun,13
2010,N/A,Residential District of Elderly Person Being Abused,Unknown,54
2011,N/A,Type of Elder Abuse,Physical abuse,271
2011,N/A,Type of Elder Abuse,Psychological abuse,23
2011,N/A,Type of Elder Abuse,Neglect,2
2011,N/A,Type of Elder Abuse,Financial abuse,43
2011,N/A,Type of Elder Abuse,Abandonment,3
2011,N/A,Type of Elder Abuse,Sexual abuse,2
2011,N/A,Type of Elder Abuse,Others,7
2011,N/A,Type of Elder Abuse,Multiple abuse,17
2011,N/A,Type of Elder Abuse and Sex of Elderly Person Being Abused,Physical abuse - Male,130
2011,N/A,Type of Elder Abuse and Sex of Elderly Person Being Abused,Psychological abuse - Male,10
2011,N/A,Type of Elder Abuse and Sex of Elderly Person Being Abused,Neglect - Male,0
2011,N/A,Type of Elder Abuse and Sex of Elderly Person Being Abused,Financial abuse - Male,12
2011,N/A,Type of Elder Abuse and Sex of Elderly Person Being Abused,Abandonment - Male,2
2011,N/A,Type of Elder Abuse and Sex of Elderly Person Being Abused,Sexual abuse - Male,0
2011,N/A,Type of Elder Abuse and Sex of Elderly Person Being Abused,Others - Male,1
2011,N/A,Type of Elder Abuse and Sex of Elderly Person Being Abused,Multiple abuse - Male,5
2011,N/A,Type of Elder Abuse and Sex of Elderly Person Being Abused,Physical abuse - Female,141
2011,N/A,Type of Elder Abuse and Sex of Elderly Person Being Abused,Psychological abuse  - Female,13
2011,N/A,Type of Elder Abuse and Sex of Elderly Person Being Abused,Neglect - Female,2
2011,N/A,Type of Elder Abuse and Sex of Elderly Person Being Abused,Financial abuse - Female,31
2011,N/A,Type of Elder Abuse and Sex of Elderly Person Being Abused,Abandonment - Female,1
2011,N/A,Type of Elder Abuse and Sex of Elderly Person Being Abused,Sexual abuse - Female,2
2011,N/A,Type of Elder Abuse and Sex of Elderly Person Being Abused,Others - Female,6
2011,N/A,Type of Elder Abuse and Sex of Elderly Person Being Abused,Multiple abuse - Female,12
2011,N/A,Abuser's Relationship with Elderly Person Being Abused,Son,32
2011,N/A,Abuser's Relationship with Elderly Person Being Abused,Daughter,8
2011,N/A,Abuser's Relationship with Elderly Person Being Abused,Son-in-law,3
2011,N/A,Abuser's Relationship with Elderly Person Being Abused,Daughter-in-law,11
2011,N/A,Abuser's Relationship with Elderly Person Being Abused,Spouse/ intimate partner,243
2011,N/A,Abuser's Relationship with Elderly Person Being Abused,Grandchildren,2
2011,N/A,Abuser's Relationship with Elderly Person Being Abused,Relative,6
2011,N/A,Abuser's Relationship with Elderly Person Being Abused,Friend/ neighbour,8
2011,N/A,Abuser's Relationship with Elderly Person Being Abused,Not relative but living  together,2
2011,N/A,Abuser's Relationship with Elderly Person Being Abused,Domestic helper,42
2011,N/A,Abuser's Relationship with Elderly Person Being Abused,Staff of the agency  providing  services for  the elderly  person,3
2011,N/A,Abuser's Relationship with Elderly Person Being Abused,Others,8
2011,N/A,Residential District of Elderly Person Being Abused,Central and Western,17
2011,N/A,Residential District of Elderly Person Being Abused,Southern,14
2011,N/A,Residential District of Elderly Person Being Abused,Islands,9
2011,N/A,Residential District of Elderly Person Being Abused,Eastern,16
2011,N/A,Residential District of Elderly Person Being Abused,Wan Chai,5
2011,N/A,Residential District of Elderly Person Being Abused,Kowloon City,12
2011,N/A,Residential District of Elderly Person Being Abused,Yau Tsim Mong,17
2011,N/A,Residential District of Elderly Person Being Abused,Sham Shui Po,19
2011,N/A,Residential District of Elderly Person Being Abused,Wong Tai Sin,40
2011,N/A,Residential District of Elderly Person Being Abused,Sai Kung,9
2011,N/A,Residential District of Elderly Person Being Abused,Kwun Tong,34
2011,N/A,Residential District of Elderly Person Being Abused,Sha Tin,17
2011,N/A,Residential District of Elderly Person Being Abused,Tai Po,10
2011,N/A,Residential District of Elderly Person Being Abused,North,17
2011,N/A,Residential District of Elderly Person Being Abused,Yuen Long,33
2011,N/A,Residential District of Elderly Person Being Abused,Tsuen Wan,17
2011,N/A,Residential District of Elderly Person Being Abused,Kwai Tsing,47
2011,N/A,Residential District of Elderly Person Being Abused,Tuen Mun,16
2011,N/A,Residential District of Elderly Person Being Abused,Unknown,19
2012,N/A,Type of Elder Abuse,Physical abuse,257
2012,N/A,Type of Elder Abuse,Psychological abuse,36
2012,N/A,Type of Elder Abuse,Neglect,3
2012,N/A,Type of Elder Abuse,Financial abuse,68
2012,N/A,Type of Elder Abuse,Abandonment,2
2012,N/A,Type of Elder Abuse,Sexual abuse,4
2012,N/A,Type of Elder Abuse,Others,5
2012,N/A,Type of Elder Abuse,Multiple abuse,33
2012,N/A,Type of Elder Abuse and Sex of Elderly Person Being Abused,Physical abuse - Male,92
2012,N/A,Type of Elder Abuse and Sex of Elderly Person Being Abused,Psychological abuse - Male,15
2012,N/A,Type of Elder Abuse and Sex of Elderly Person Being Abused,Neglect - Male,1
2012,N/A,Type of Elder Abuse and Sex of Elderly Person Being Abused,Financial abuse - Male,23
2012,N/A,Type of Elder Abuse and Sex of Elderly Person Being Abused,Abandonment - Male,0
2012,N/A,Type of Elder Abuse and Sex of Elderly Person Being Abused,Sexual abuse - Male,0
2012,N/A,Type of Elder Abuse and Sex of Elderly Person Being Abused,Others - Male,2
2012,N/A,Type of Elder Abuse and Sex of Elderly Person Being Abused,Multiple abuse - Male,10
2012,N/A,Type of Elder Abuse and Sex of Elderly Person Being Abused,Physical abuse - Female,165
2012,N/A,Type of Elder Abuse and Sex of Elderly Person Being Abused,Psychological abuse  - Female,21
2012,N/A,Type of Elder Abuse and Sex of Elderly Person Being Abused,Neglect - Female,2
2012,N/A,Type of Elder Abuse and Sex of Elderly Person Being Abused,Financial abuse - Female,45
2012,N/A,Type of Elder Abuse and Sex of Elderly Person Being Abused,Abandonment - Female,2
2012,N/A,Type of Elder Abuse and Sex of Elderly Person Being Abused,Sexual abuse - Female,4
2012,N/A,Type of Elder Abuse and Sex of Elderly Person Being Abused,Others - Female,3
2012,N/A,Type of Elder Abuse and Sex of Elderly Person Being Abused,Multiple abuse - Female,23
2012,N/A,Abuser's Relationship with Elderly Person Being Abused,Son,45
2012,N/A,Abuser's Relationship with Elderly Person Being Abused,Daughter,9
2012,N/A,Abuser's Relationship with Elderly Person Being Abused,Son-in-law,0
2012,N/A,Abuser's Relationship with Elderly Person Being Abused,Daughter-in-law,14
2012,N/A,Abuser's Relationship with Elderly Person Being Abused,Spouse/ intimate partner,231
2012,N/A,Abuser's Relationship with Elderly Person Being Abused,Grandchildren,7
2012,N/A,Abuser's Relationship with Elderly Person Being Abused,Relative,10
2012,N/A,Abuser's Relationship with Elderly Person Being Abused,Friend/ neighbour,15
2012,N/A,Abuser's Relationship with Elderly Person Being Abused,Not relative but living  together,2
2012,N/A,Abuser's Relationship with Elderly Person Being Abused,Domestic helper,55
2012,N/A,Abuser's Relationship with Elderly Person Being Abused,Staff of the agency  providing  services for  the elderly  person,16
2012,N/A,Abuser's Relationship with Elderly Person Being Abused,Others,4
2012,N/A,Residential District of Elderly Person Being Abused,Central and Western,18
2012,N/A,Residential District of Elderly Person Being Abused,Southern,15
2012,N/A,Residential District of Elderly Person Being Abused,Islands,6
2012,N/A,Residential District of Elderly Person Being Abused,Eastern,24
2012,N/A,Residential District of Elderly Person Being Abused,Wan Chai,4
2012,N/A,Residential District of Elderly Person Being Abused,Kowloon City,16
2012,N/A,Residential District of Elderly Person Being Abused,Yau Tsim Mong,21
2012,N/A,Residential District of Elderly Person Being Abused,Sham Shui Po,26
2012,N/A,Residential District of Elderly Person Being Abused,Wong Tai Sin,31
2012,N/A,Residential District of Elderly Person Being Abused,Sai Kung,6
2012,N/A,Residential District of Elderly Person Being Abused,Kwun Tong,35
2012,N/A,Residential District of Elderly Person Being Abused,Sha Tin,29
2012,N/A,Residential District of Elderly Person Being Abused,Tai Po,11
2012,N/A,Residential District of Elderly Person Being Abused,North,9
2012,N/A,Residential District of Elderly Person Being Abused,Yuen Long,33
2012,N/A,Residential District of Elderly Person Being Abused,Tsuen Wan,29
2012,N/A,Residential District of Elderly Person Being Abused,Kwai Tsing,63
2012,N/A,Residential District of Elderly Person Being Abused,Tuen Mun,30
2012,N/A,Residential District of Elderly Person Being Abused,Unknown,2
2013,N/A,Type of Elder Abuse,Physical abuse,399
2013,N/A,Type of Elder Abuse,Psychological abuse,73
2013,N/A,Type of Elder Abuse,Neglect,0
2013,N/A,Type of Elder Abuse,Financial abuse,70
2013,N/A,Type of Elder Abuse,Abandonment,2
2013,N/A,Type of Elder Abuse,Sexual abuse,9
2013,N/A,Type of Elder Abuse,Others,0
2013,N/A,Type of Elder Abuse,Multiple abuse,36
2013,N/A,Type of Elder Abuse and Sex of Elderly Person Being Abused,Physical abuse - Male,181
2013,N/A,Type of Elder Abuse and Sex of Elderly Person Being Abused,Psychological abuse - Male,19
2013,N/A,Type of Elder Abuse and Sex of Elderly Person Being Abused,Neglect - Male,0
2013,N/A,Type of Elder Abuse and Sex of Elderly Person Being Abused,Financial abuse - Male,24
2013,N/A,Type of Elder Abuse and Sex of Elderly Person Being Abused,Abandonment - Male,0
2013,N/A,Type of Elder Abuse and Sex of Elderly Person Being Abused,Sexual abuse - Male,1
2013,N/A,Type of Elder Abuse and Sex of Elderly Person Being Abused,Others - Male,0
2013,N/A,Type of Elder Abuse and Sex of Elderly Person Being Abused,Multiple abuse - Male,11
2013,N/A,Type of Elder Abuse and Sex of Elderly Person Being Abused,Physical abuse - Female,218
2013,N/A,Type of Elder Abuse and Sex of Elderly Person Being Abused,Psychological abuse  - Female,54
2013,N/A,Type of Elder Abuse and Sex of Elderly Person Being Abused,Neglect - Female,0
2013,N/A,Type of Elder Abuse and Sex of Elderly Person Being Abused,Financial abuse - Female,46
2013,N/A,Type of Elder Abuse and Sex of Elderly Person Being Abused,Abandonment - Female,2
2013,N/A,Type of Elder Abuse and Sex of Elderly Person Being Abused,Sexual abuse - Female,8
2013,N/A,Type of Elder Abuse and Sex of Elderly Person Being Abused,Others - Female,0
2013,N/A,Type of Elder Abuse and Sex of Elderly Person Being Abused,Multiple abuse - Female,25
2013,N/A,Abuser's Relationship with Elderly Person Being Abused,Son,64
2013,N/A,Abuser's Relationship with Elderly Person Being Abused,Daughter,19
2013,N/A,Abuser's Relationship with Elderly Person Being Abused,Son-in-law,2
2013,N/A,Abuser's Relationship with Elderly Person Being Abused,Daughter-in-law,17
2013,N/A,Abuser's Relationship with Elderly Person Being Abused,Spouse/ intimate partner,376
2013,N/A,Abuser's Relationship with Elderly Person Being Abused,Grandchildren,8
2013,N/A,Abuser's Relationship with Elderly Person Being Abused,Relative,15
2013,N/A,Abuser's Relationship with Elderly Person Being Abused,Friend/ neighbour,11
2013,N/A,Abuser's Relationship with Elderly Person Being Abused,Not relative but living  together,3
2013,N/A,Abuser's Relationship with Elderly Person Being Abused,Domestic helper,54
2013,N/A,Abuser's Relationship with Elderly Person Being Abused,Staff of the agency  providing  services for  the elderly  person,13
2013,N/A,Abuser's Relationship with Elderly Person Being Abused,Others,7
2013,N/A,Residential District of Elderly Person Being Abused,Central and Western,23
2013,N/A,Residential District of Elderly Person Being Abused,Southern,24
2013,N/A,Residential District of Elderly Person Being Abused,Islands,4
2013,N/A,Residential District of Elderly Person Being Abused,Eastern,46
2013,N/A,Residential District of Elderly Person Being Abused,Wan Chai,8
2013,N/A,Residential District of Elderly Person Being Abused,Kowloon City,16
2013,N/A,Residential District of Elderly Person Being Abused,Yau Tsim Mong,21
2013,N/A,Residential District of Elderly Person Being Abused,Sham Shui Po,48
2013,N/A,Residential District of Elderly Person Being Abused,Wong Tai Sin,52
2013,N/A,Residential District of Elderly Person Being Abused,Sai Kung,17
2013,N/A,Residential District of Elderly Person Being Abused,Kwun Tong,70
2013,N/A,Residential District of Elderly Person Being Abused,Sha Tin,42
2013,N/A,Residential District of Elderly Person Being Abused,Tai Po,19
2013,N/A,Residential District of Elderly Person Being Abused,North,20
2013,N/A,Residential District of Elderly Person Being Abused,Yuen Long,49
2013,N/A,Residential District of Elderly Person Being Abused,Tsuen Wan,28
2013,N/A,Residential District of Elderly Person Being Abused,Kwai Tsing,62
2013,N/A,Residential District of Elderly Person Being Abused,Tuen Mun,39
2013,N/A,Residential District of Elderly Person Being Abused,Unknown,1
2014,N/A,Type of Elder Abuse,Physical abuse,400
2014,N/A,Type of Elder Abuse,Psychological abuse,50
2014,N/A,Type of Elder Abuse,Neglect,1
2014,N/A,Type of Elder Abuse,Financial abuse,91
2014,N/A,Type of Elder Abuse,Abandonment,0
2014,N/A,Type of Elder Abuse,Sexual abuse,17
2014,N/A,Type of Elder Abuse,Others,0
2014,N/A,Type of Elder Abuse,Multiple abuse,15
2014,N/A,Type of Elder Abuse and Sex of Elderly Person Being Abused,Physical abuse - Male,173
2014,N/A,Type of Elder Abuse and Sex of Elderly Person Being Abused,Psychological abuse - Male,17
2014,N/A,Type of Elder Abuse and Sex of Elderly Person Being Abused,Neglect - Male,0
2014,N/A,Type of Elder Abuse and Sex of Elderly Person Being Abused,Financial abuse - Male,33
2014,N/A,Type of Elder Abuse and Sex of Elderly Person Being Abused,Abandonment - Male,0
2014,N/A,Type of Elder Abuse and Sex of Elderly Person Being Abused,Sexual abuse - Male,2
2014,N/A,Type of Elder Abuse and Sex of Elderly Person Being Abused,Others - Male,0
2014,N/A,Type of Elder Abuse and Sex of Elderly Person Being Abused,Multiple abuse - Male,10
2014,N/A,Type of Elder Abuse and Sex of Elderly Person Being Abused,Physical abuse - Female,227
2014,N/A,Type of Elder Abuse and Sex of Elderly Person Being Abused,Psychological abuse  - Female,33
2014,N/A,Type of Elder Abuse and Sex of Elderly Person Being Abused,Neglect - Female,1
2014,N/A,Type of Elder Abuse and Sex of Elderly Person Being Abused,Financial abuse - Female,58
2014,N/A,Type of Elder Abuse and Sex of Elderly Person Being Abused,Abandonment - Female,0
2014,N/A,Type of Elder Abuse and Sex of Elderly Person Being Abused,Sexual abuse - Female,15
2014,N/A,Type of Elder Abuse and Sex of Elderly Person Being Abused,Others - Female,0
2014,N/A,Type of Elder Abuse and Sex of Elderly Person Being Abused,Multiple abuse - Female,5
2014,N/A,Abuser's Relationship with Elderly Person Being Abused,Son,60
2014,N/A,Abuser's Relationship with Elderly Person Being Abused,Daughter,20
2014,N/A,Abuser's Relationship with Elderly Person Being Abused,Son-in-law,3
2014,N/A,Abuser's Relationship with Elderly Person Being Abused,Daughter-in-law,18
2014,N/A,Abuser's Relationship with Elderly Person Being Abused,Spouse/ intimate partner,328
2014,N/A,Abuser's Relationship with Elderly Person Being Abused,Grandchildren,6
2014,N/A,Abuser's Relationship with Elderly Person Being Abused,Relative,17
2014,N/A,Abuser's Relationship with Elderly Person Being Abused,Friend/ neighbour,33
2014,N/A,Abuser's Relationship with Elderly Person Being Abused,Not relative but living  together,5
2014,N/A,Abuser's Relationship with Elderly Person Being Abused,Domestic helper,55
2014,N/A,Abuser's Relationship with Elderly Person Being Abused,Staff of the agency  providing  services for  the elderly  person,12
2014,N/A,Abuser's Relationship with Elderly Person Being Abused,Others,17
2014,N/A,Residential District of Elderly Person Being Abused,Central and Western,14
2014,N/A,Residential District of Elderly Person Being Abused,Southern,12
2014,N/A,Residential District of Elderly Person Being Abused,Islands,7
2014,N/A,Residential District of Elderly Person Being Abused,Eastern,32
2014,N/A,Residential District of Elderly Person Being Abused,Wan Chai,10
2014,N/A,Residential District of Elderly Person Being Abused,Kowloon City,41
2014,N/A,Residential District of Elderly Person Being Abused,Yau Tsim Mong,30
2014,N/A,Residential District of Elderly Person Being Abused,Sham Shui Po,30
2014,N/A,Residential District of Elderly Person Being Abused,Wong Tai Sin,64
2014,N/A,Residential District of Elderly Person Being Abused,Sai Kung,25
2014,N/A,Residential District of Elderly Person Being Abused,Kwun Tong,46
2014,N/A,Residential District of Elderly Person Being Abused,Sha Tin,48
2014,N/A,Residential District of Elderly Person Being Abused,Tai Po,25
2014,N/A,Residential District of Elderly Person Being Abused,North,34
2014,N/A,Residential District of Elderly Person Being Abused,Yuen Long,42
2014,N/A,Residential District of Elderly Person Being Abused,Tsuen Wan,27
2014,N/A,Residential District of Elderly Person Being Abused,Kwai Tsing,42
2014,N/A,Residential District of Elderly Person Being Abused,Tuen Mun,43
2014,N/A,Residential District of Elderly Person Being Abused,Unknown,2
2015,N/A,Type of Elder Abuse,Physical abuse,359
2015,N/A,Type of Elder Abuse,Psychological abuse,49
2015,N/A,Type of Elder Abuse,Neglect,2
2015,N/A,Type of Elder Abuse,Financial abuse,93
2015,N/A,Type of Elder Abuse,Abandonment,3
2015,N/A,Type of Elder Abuse,Sexual abuse,14
2015,N/A,Type of Elder Abuse,Others,0
2015,N/A,Type of Elder Abuse,Multiple abuse,37
2015,N/A,Type of Elder Abuse and Sex of Elderly Person Being Abused,Physical abuse - Male,150
2015,N/A,Type of Elder Abuse and Sex of Elderly Person Being Abused,Psychological abuse - Male,26
2015,N/A,Type of Elder Abuse and Sex of Elderly Person Being Abused,Neglect - Male,0
2015,N/A,Type of Elder Abuse and Sex of Elderly Person Being Abused,Financial abuse - Male,40
2015,N/A,Type of Elder Abuse and Sex of Elderly Person Being Abused,Abandonment - Male,2
2015,N/A,Type of Elder Abuse and Sex of Elderly Person Being Abused,Sexual abuse - Male,3
2015,N/A,Type of Elder Abuse and Sex of Elderly Person Being Abused,Others - Male,0
2015,N/A,Type of Elder Abuse and Sex of Elderly Person Being Abused,Multiple abuse - Male,15
2015,N/A,Type of Elder Abuse and Sex of Elderly Person Being Abused,Physical abuse - Female,209
2015,N/A,Type of Elder Abuse and Sex of Elderly Person Being Abused,Psychological abuse  - Female,23
2015,N/A,Type of Elder Abuse and Sex of Elderly Person Being Abused,Neglect - Female,2
2015,N/A,Type of Elder Abuse and Sex of Elderly Person Being Abused,Financial abuse - Female,53
2015,N/A,Type of Elder Abuse and Sex of Elderly Person Being Abused,Abandonment - Female,1
2015,N/A,Type of Elder Abuse and Sex of Elderly Person Being Abused,Sexual abuse - Female,11
2015,N/A,Type of Elder Abuse and Sex of Elderly Person Being Abused,Others - Female,0
2015,N/A,Type of Elder Abuse and Sex of Elderly Person Being Abused,Multiple abuse - Female,22
2015,N/A,Abuser's Relationship with Elderly Person Being Abused,Son,56
2015,N/A,Abuser's Relationship with Elderly Person Being Abused,Daughter,22
2015,N/A,Abuser's Relationship with Elderly Person Being Abused,Son-in-law,5
2015,N/A,Abuser's Relationship with Elderly Person Being Abused,Daughter-in-law,19
2015,N/A,Abuser's Relationship with Elderly Person Being Abused,Spouse/ intimate partner,297
2015,N/A,Abuser's Relationship with Elderly Person Being Abused,Grandchildren,7
2015,N/A,Abuser's Relationship with Elderly Person Being Abused,Relative,11
2015,N/A,Abuser's Relationship with Elderly Person Being Abused,Friend/ neighbour,50
2015,N/A,Abuser's Relationship with Elderly Person Being Abused,Not relative but living  together,3
2015,N/A,Abuser's Relationship with Elderly Person Being Abused,Domestic helper,51
2015,N/A,Abuser's Relationship with Elderly Person Being Abused,Staff of the agency  providing  services for  the elderly  person,9
2015,N/A,Abuser's Relationship with Elderly Person Being Abused,Others,27
2015,N/A,Residential District of Elderly Person Being Abused,Central and Western,14
2015,N/A,Residential District of Elderly Person Being Abused,Southern,15
2015,N/A,Residential District of Elderly Person Being Abused,Islands,6
2015,N/A,Residential District of Elderly Person Being Abused,Eastern,45
2015,N/A,Residential District of Elderly Person Being Abused,Wan Chai,9
2015,N/A,Residential District of Elderly Person Being Abused,Kowloon City,27
2015,N/A,Residential District of Elderly Person Being Abused,Yau Tsim Mong,33
2015,N/A,Residential District of Elderly Person Being Abused,Sham Shui Po,28
2015,N/A,Residential District of Elderly Person Being Abused,Wong Tai Sin,56
2015,N/A,Residential District of Elderly Person Being Abused,Sai Kung,20
2015,N/A,Residential District of Elderly Person Being Abused,Kwun Tong,61
2015,N/A,Residential District of Elderly Person Being Abused,Sha Tin,48
2015,N/A,Residential District of Elderly Person Being Abused,Tai Po,30
2015,N/A,Residential District of Elderly Person Being Abused,North,16
2015,N/A,Residential District of Elderly Person Being Abused,Yuen Long,45
2015,N/A,Residential District of Elderly Person Being Abused,Tsuen Wan,20
2015,N/A,Residential District of Elderly Person Being Abused,Kwai Tsing,52
2015,N/A,Residential District of Elderly Person Being Abused,Tuen Mun,32
2015,N/A,Residential District of Elderly Person Being Abused,Unknown,0
2016,N/A,Type of Elder Abuse,Physical abuse,389
2016,N/A,Type of Elder Abuse,Psychological abuse,69
2016,N/A,Type of Elder Abuse,Neglect,3
2016,N/A,Type of Elder Abuse,Financial abuse,102
2016,N/A,Type of Elder Abuse,Abandonment,2
2016,N/A,Type of Elder Abuse,Sexual abuse,13
2016,N/A,Type of Elder Abuse,Others,0
2016,N/A,Type of Elder Abuse,Multiple abuse,35
2016,N/A,Type of Elder Abuse and Sex of Elderly Person Being Abused,Physical abuse - Male,176
2016,N/A,Type of Elder Abuse and Sex of Elderly Person Being Abused,Psychological abuse - Male,38
2016,N/A,Type of Elder Abuse and Sex of Elderly Person Being Abused,Neglect - Male,2
2016,N/A,Type of Elder Abuse and Sex of Elderly Person Being Abused,Financial abuse - Male,45
2016,N/A,Type of Elder Abuse and Sex of Elderly Person Being Abused,Abandonment - Male,2
2016,N/A,Type of Elder Abuse and Sex of Elderly Person Being Abused,Sexual abuse - Male,1
2016,N/A,Type of Elder Abuse and Sex of Elderly Person Being Abused,Others - Male,0
2016,N/A,Type of Elder Abuse and Sex of Elderly Person Being Abused,Multiple abuse - Male,11
2016,N/A,Type of Elder Abuse and Sex of Elderly Person Being Abused,Physical abuse - Female,213
2016,N/A,Type of Elder Abuse and Sex of Elderly Person Being Abused,Psychological abuse  - Female,31
2016,N/A,Type of Elder Abuse and Sex of Elderly Person Being Abused,Neglect - Female,1
2016,N/A,Type of Elder Abuse and Sex of Elderly Person Being Abused,Financial abuse - Female,57
2016,N/A,Type of Elder Abuse and Sex of Elderly Person Being Abused,Abandonment - Female,0
2016,N/A,Type of Elder Abuse and Sex of Elderly Person Being Abused,Sexual abuse - Female,12
2016,N/A,Type of Elder Abuse and Sex of Elderly Person Being Abused,Others - Female,0
2016,N/A,Type of Elder Abuse and Sex of Elderly Person Being Abused,Multiple abuse - Female,24
2016,N/A,Abuser's Relationship with Elderly Person Being Abused,Son,73
2016,N/A,Abuser's Relationship with Elderly Person Being Abused,Daughter,19
2016,N/A,Abuser's Relationship with Elderly Person Being Abused,Son-in-law,8
2016,N/A,Abuser's Relationship with Elderly Person Being Abused,Daughter-in-law,16
2016,N/A,Abuser's Relationship with Elderly Person Being Abused,Spouse/ intimate partner,292
2016,N/A,Abuser's Relationship with Elderly Person Being Abused,Grandchildren,5
2016,N/A,Abuser's Relationship with Elderly Person Being Abused,Relative,25
2016,N/A,Abuser's Relationship with Elderly Person Being Abused,Friend/ neighbour,76
2016,N/A,Abuser's Relationship with Elderly Person Being Abused,Not relative but living  together,5
2016,N/A,Abuser's Relationship with Elderly Person Being Abused,Domestic helper,55
2016,N/A,Abuser's Relationship with Elderly Person Being Abused,Staff of the agency  providing  services for  the elderly  person,19
2016,N/A,Abuser's Relationship with Elderly Person Being Abused,Others,20
2016,N/A,Residential District of Elderly Person Being Abused,Central and Western,25
2016,N/A,Residential District of Elderly Person Being Abused,Southern,13
2016,N/A,Residential District of Elderly Person Being Abused,Islands,9
2016,N/A,Residential District of Elderly Person Being Abused,Eastern,41
2016,N/A,Residential District of Elderly Person Being Abused,Wan Chai,10
2016,N/A,Residential District of Elderly Person Being Abused,Kowloon City,34
2016,N/A,Residential District of Elderly Person Being Abused,Yau Tsim Mong,17
2016,N/A,Residential District of Elderly Person Being Abused,Sham Shui Po,39
2016,N/A,Residential District of Elderly Person Being Abused,Wong Tai Sin,53
2016,N/A,Residential District of Elderly Person Being Abused,Sai Kung,18
2016,N/A,Residential District of Elderly Person Being Abused,Kwun Tong,77
2016,N/A,Residential District of Elderly Person Being Abused,Sha Tin,45
2016,N/A,Residential District of Elderly Person Being Abused,Tai Po,19
2016,N/A,Residential District of Elderly Person Being Abused,North,29
2016,N/A,Residential District of Elderly Person Being Abused,Yuen Long,67
2016,N/A,Residential District of Elderly Person Being Abused,Tsuen Wan,20
2016,N/A,Residential District of Elderly Person Being Abused,Kwai Tsing,62
2016,N/A,Residential District of Elderly Person Being Abused,Tuen Mun,34
2016,N/A,Residential District of Elderly Person Being Abused,Unknown,1
2017,N/A,Type of Elder Abuse,Physical abuse,355
2017,N/A,Type of Elder Abuse,Psychological abuse,74
2017,N/A,Type of Elder Abuse,Neglect,2
2017,N/A,Type of Elder Abuse,Financial abuse,109
2017,N/A,Type of Elder Abuse,Abandonment,0
2017,N/A,Type of Elder Abuse,Sexual abuse,5
2017,N/A,Type of Elder Abuse,Others,0
2017,N/A,Type of Elder Abuse,Multiple abuse,24
2017,N/A,Type of Elder Abuse and Sex of Elderly Person Being Abused,Physical abuse - Male,159
2017,N/A,Type of Elder Abuse and Sex of Elderly Person Being Abused,Psychological abuse - Male,29
2017,N/A,Type of Elder Abuse and Sex of Elderly Person Being Abused,Neglect - Male,0
2017,N/A,Type of Elder Abuse and Sex of Elderly Person Being Abused,Financial abuse - Male,46
2017,N/A,Type of Elder Abuse and Sex of Elderly Person Being Abused,Abandonment - Male,0
2017,N/A,Type of Elder Abuse and Sex of Elderly Person Being Abused,Sexual abuse - Male,1
2017,N/A,Type of Elder Abuse and Sex of Elderly Person Being Abused,Others - Male,0
2017,N/A,Type of Elder Abuse and Sex of Elderly Person Being Abused,Multiple abuse - Male,2
2017,N/A,Type of Elder Abuse and Sex of Elderly Person Being Abused,Physical abuse - Female,196
2017,N/A,Type of Elder Abuse and Sex of Elderly Person Being Abused,Psychological abuse  - Female,45
2017,N/A,Type of Elder Abuse and Sex of Elderly Person Being Abused,Neglect - Female,2
2017,N/A,Type of Elder Abuse and Sex of Elderly Person Being Abused,Financial abuse - Female,63
2017,N/A,Type of Elder Abuse and Sex of Elderly Person Being Abused,Abandonment - Female,0
2017,N/A,Type of Elder Abuse and Sex of Elderly Person Being Abused,Sexual abuse - Female,4
2017,N/A,Type of Elder Abuse and Sex of Elderly Person Being Abused,Others - Female,0
2017,N/A,Type of Elder Abuse and Sex of Elderly Person Being Abused,Multiple abuse - Female,22
2017,N/A,Abuser's Relationship with Elderly Person Being Abused,Son,70
2017,N/A,Abuser's Relationship with Elderly Person Being Abused,Daughter,13
2017,N/A,Abuser's Relationship with Elderly Person Being Abused,Son-in-law,6
2017,N/A,Abuser's Relationship with Elderly Person Being Abused,Daughter-in-law,15
2017,N/A,Abuser's Relationship with Elderly Person Being Abused,Spouse/ intimate partner,303
2017,N/A,Abuser's Relationship with Elderly Person Being Abused,Grandchildren,13
2017,N/A,Abuser's Relationship with Elderly Person Being Abused,Relative,16
2017,N/A,Abuser's Relationship with Elderly Person Being Abused,Friend/ neighbour,46
2017,N/A,Abuser's Relationship with Elderly Person Being Abused,Not relative but living  together,5
2017,N/A,Abuser's Relationship with Elderly Person Being Abused,Domestic helper,54
2017,N/A,Abuser's Relationship with Elderly Person Being Abused,Staff of the agency  providing  services for  the elderly  person,13
2017,N/A,Abuser's Relationship with Elderly Person Being Abused,Others,15
2017,N/A,Residential District of Elderly Person Being Abused,Central and Western,23
2017,N/A,Residential District of Elderly Person Being Abused,Southern,19
2017,N/A,Residential District of Elderly Person Being Abused,Islands,9
2017,N/A,Residential District of Elderly Person Being Abused,Eastern,26
2017,N/A,Residential District of Elderly Person Being Abused,Wan Chai,13
2017,N/A,Residential District of Elderly Person Being Abused,Kowloon City,25
2017,N/A,Residential District of Elderly Person Being Abused,Yau Tsim Mong,17
2017,N/A,Residential District of Elderly Person Being Abused,Sham Shui Po,45
2017,N/A,Residential District of Elderly Person Being Abused,Wong Tai Sin,39
2017,N/A,Residential District of Elderly Person Being Abused,Sai Kung,17
2017,N/A,Residential District of Elderly Person Being Abused,Kwun Tong,70
2017,N/A,Residential District of Elderly Person Being Abused,Sha Tin,59
2017,N/A,Residential District of Elderly Person Being Abused,Tai Po,24
2017,N/A,Residential District of Elderly Person Being Abused,North,21
2017,N/A,Residential District of Elderly Person Being Abused,Yuen Long,48
2017,N/A,Residential District of Elderly Person Being Abused,Tsuen Wan,8
2017,N/A,Residential District of Elderly Person Being Abused,Kwai Tsing,60
2017,N/A,Residential District of Elderly Person Being Abused,Tuen Mun,46
2017,N/A,Residential District of Elderly Person Being Abused,Unknown,0
2018,N/A,Type of Elder Abuse,Physical abuse,340
2018,N/A,Type of Elder Abuse,Psychological abuse,43
2018,N/A,Type of Elder Abuse,Neglect,2
2018,N/A,Type of Elder Abuse,Financial abuse,68
2018,N/A,Type of Elder Abuse,Abandonment,0
2018,N/A,Type of Elder Abuse,Sexual abuse,15
2018,N/A,Type of Elder Abuse,Others,0
2018,N/A,Type of Elder Abuse,Multiple abuse,28
2018,N/A,Type of Elder Abuse and Sex of Elderly Person Being Abused,Physical abuse - Male,141
2018,N/A,Type of Elder Abuse and Sex of Elderly Person Being Abused,Psychological abuse - Male,9
2018,N/A,Type of Elder Abuse and Sex of Elderly Person Being Abused,Neglect - Male,1
2018,N/A,Type of Elder Abuse and Sex of Elderly Person Being Abused,Financial abuse - Male,28
2018,N/A,Type of Elder Abuse and Sex of Elderly Person Being Abused,Abandonment - Male,0
2018,N/A,Type of Elder Abuse and Sex of Elderly Person Being Abused,Sexual abuse - Male,4
2018,N/A,Type of Elder Abuse and Sex of Elderly Person Being Abused,Others - Male,0
2018,N/A,Type of Elder Abuse and Sex of Elderly Person Being Abused,Multiple abuse - Male,6
2018,N/A,Type of Elder Abuse and Sex of Elderly Person Being Abused,Physical abuse - Female,199
2018,N/A,Type of Elder Abuse and Sex of Elderly Person Being Abused,Psychological abuse  - Female,34
2018,N/A,Type of Elder Abuse and Sex of Elderly Person Being Abused,Neglect - Female,1
2018,N/A,Type of Elder Abuse and Sex of Elderly Person Being Abused,Financial abuse - Female,40
2018,N/A,Type of Elder Abuse and Sex of Elderly Person Being Abused,Abandonment - Female,0
2018,N/A,Type of Elder Abuse and Sex of Elderly Person Being Abused,Sexual abuse - Female,11
2018,N/A,Type of Elder Abuse and Sex of Elderly Person Being Abused,Others - Female,0
2018,N/A,Type of Elder Abuse and Sex of Elderly Person Being Abused,Multiple abuse - Female,22
2018,N/A,Abuser's Relationship with Elderly Person Being Abused,Son,56
2018,N/A,Abuser's Relationship with Elderly Person Being Abused,Daughter,17
2018,N/A,Abuser's Relationship with Elderly Person Being Abused,Son-in-law,1
2018,N/A,Abuser's Relationship with Elderly Person Being Abused,Daughter-in-law,11
2018,N/A,Abuser's Relationship with Elderly Person Being Abused,Spouse/ intimate partner,285
2018,N/A,Abuser's Relationship with Elderly Person Being Abused,Grandchildren,5
2018,N/A,Abuser's Relationship with Elderly Person Being Abused,Relative,15
2018,N/A,Abuser's Relationship with Elderly Person Being Abused,Friend/ neighbour,40
2018,N/A,Abuser's Relationship with Elderly Person Being Abused,Not relative but living  together,1
2018,N/A,Abuser's Relationship with Elderly Person Being Abused,Domestic helper,39
2018,N/A,Abuser's Relationship with Elderly Person Being Abused,Staff of the agency  providing  services for  the elderly  person,14
2018,N/A,Abuser's Relationship with Elderly Person Being Abused,Others,12
2018,N/A,Residential District of Elderly Person Being Abused,Central and Western,23
2018,N/A,Residential District of Elderly Person Being Abused,Southern,17
2018,N/A,Residential District of Elderly Person Being Abused,Islands,8
2018,N/A,Residential District of Elderly Person Being Abused,Eastern,43
2018,N/A,Residential District of Elderly Person Being Abused,Wan Chai,5
2018,N/A,Residential District of Elderly Person Being Abused,Kowloon City,21
2018,N/A,Residential District of Elderly Person Being Abused,Yau Tsim Mong,17
2018,N/A,Residential District of Elderly Person Being Abused,Sham Shui Po,26
2018,N/A,Residential District of Elderly Person Being Abused,Wong Tai Sin,55
2018,N/A,Residential District of Elderly Person Being Abused,Sai Kung,22
2018,N/A,Residential District of Elderly Person Being Abused,Kwun Tong,43
2018,N/A,Residential District of Elderly Person Being Abused,Sha Tin,41
2018,N/A,Residential District of Elderly Person Being Abused,Tai Po,28
2018,N/A,Residential District of Elderly Person Being Abused,North,10
2018,N/A,Residential District of Elderly Person Being Abused,Yuen Long,48
2018,N/A,Residential District of Elderly Person Being Abused,Tsuen Wan,14
2018,N/A,Residential District of Elderly Person Being Abused,Kwai Tsing,39
2018,N/A,Residential District of Elderly Person Being Abused,Tuen Mun,36
2018,N/A,Residential District of Elderly Person Being Abused,Unknown,0
2019,N/A,Type of Elder Abuse,Physical abuse,331
2019,N/A,Type of Elder Abuse,Psychological abuse,41
2019,N/A,Type of Elder Abuse,Neglect,5
2019,N/A,Type of Elder Abuse,Financial abuse,71
2019,N/A,Type of Elder Abuse,Abandonment,0
2019,N/A,Type of Elder Abuse,Sexual abuse,6
2019,N/A,Type of Elder Abuse,Others,0
2019,N/A,Type of Elder Abuse,Multiple abuse,34
2019,N/A,Type of Elder Abuse and Sex of Elderly Person Being Abused,Physical abuse - Male,123
2019,N/A,Type of Elder Abuse and Sex of Elderly Person Being Abused,Psychological abuse - Male,11
2019,N/A,Type of Elder Abuse and Sex of Elderly Person Being Abused,Neglect - Male,2
2019,N/A,Type of Elder Abuse and Sex of Elderly Person Being Abused,Financial abuse - Male,20
2019,N/A,Type of Elder Abuse and Sex of Elderly Person Being Abused,Abandonment - Male,0
2019,N/A,Type of Elder Abuse and Sex of Elderly Person Being Abused,Sexual abuse - Male,0
2019,N/A,Type of Elder Abuse and Sex of Elderly Person Being Abused,Others - Male,0
2019,N/A,Type of Elder Abuse and Sex of Elderly Person Being Abused,Multiple abuse - Male,10
2019,N/A,Type of Elder Abuse and Sex of Elderly Person Being Abused,Physical abuse - Female,208
2019,N/A,Type of Elder Abuse and Sex of Elderly Person Being Abused,Psychological abuse  - Female,30
2019,N/A,Type of Elder Abuse and Sex of Elderly Person Being Abused,Neglect - Female,3
2019,N/A,Type of Elder Abuse and Sex of Elderly Person Being Abused,Financial abuse - Female,51
2019,N/A,Type of Elder Abuse and Sex of Elderly Person Being Abused,Abandonment - Female,0
2019,N/A,Type of Elder Abuse and Sex of Elderly Person Being Abused,Sexual abuse - Female,6
2019,N/A,Type of Elder Abuse and Sex of Elderly Person Being Abused,Others - Female,0
2019,N/A,Type of Elder Abuse and Sex of Elderly Person Being Abused,Multiple abuse - Female,24
2019,N/A,Abuser's Relationship with Elderly Person Being Abused,Son,50
2019,N/A,Abuser's Relationship with Elderly Person Being Abused,Daughter,18
2019,N/A,Abuser's Relationship with Elderly Person Being Abused,Son-in-law,8
2019,N/A,Abuser's Relationship with Elderly Person Being Abused,Daughter-in-law,8
2019,N/A,Abuser's Relationship with Elderly Person Being Abused,Spouse/ intimate partner,297
2019,N/A,Abuser's Relationship with Elderly Person Being Abused,Grandchildren,4
2019,N/A,Abuser's Relationship with Elderly Person Being Abused,Relative,20
2019,N/A,Abuser's Relationship with Elderly Person Being Abused,Friend/ neighbour,18
2019,N/A,Abuser's Relationship with Elderly Person Being Abused,Not relative but living  together,6
2019,N/A,Abuser's Relationship with Elderly Person Being Abused,Domestic helper,41
2019,N/A,Abuser's Relationship with Elderly Person Being Abused,Staff of the agency  providing  services for  the elderly  person,8
2019,N/A,Abuser's Relationship with Elderly Person Being Abused,Others,10
2019,N/A,Residential District of Elderly Person Being Abused,Central and Western,30
2019,N/A,Residential District of Elderly Person Being Abused,Southern,13
2019,N/A,Residential District of Elderly Person Being Abused,Islands,7
2019,N/A,Residential District of Elderly Person Being Abused,Eastern,30
2019,N/A,Residential District of Elderly Person Being Abused,Wan Chai,7
2019,N/A,Residential District of Elderly Person Being Abused,Kowloon City,15
2019,N/A,Residential District of Elderly Person Being Abused,Yau Tsim Mong,16
2019,N/A,Residential District of Elderly Person Being Abused,Sham Shui Po,29
2019,N/A,Residential District of Elderly Person Being Abused,Wong Tai Sin,33
2019,N/A,Residential District of Elderly Person Being Abused,Sai Kung,17
2019,N/A,Residential District of Elderly Person Being Abused,Kwun Tong,47
2019,N/A,Residential District of Elderly Person Being Abused,Sha Tin,49
2019,N/A,Residential District of Elderly Person Being Abused,Tai Po,27
2019,N/A,Residential District of Elderly Person Being Abused,North,18
2019,N/A,Residential District of Elderly Person Being Abused,Yuen Long,47
2019,N/A,Residential District of Elderly Person Being Abused,Tsuen Wan,15
2019,N/A,Residential District of Elderly Person Being Abused,Kwai Tsing,51
2019,N/A,Residential District of Elderly Person Being Abused,Tuen Mun,36
2019,N/A,Residential District of Elderly Person Being Abused,Unknown,1
2020,N/A,Type of Elder Abuse,Physical abuse,331
2020,N/A,Type of Elder Abuse,Psychological abuse,49
2020,N/A,Type of Elder Abuse,Neglect,0
2020,N/A,Type of Elder Abuse,Financial abuse,46
2020,N/A,Type of Elder Abuse,Abandonment,0
2020,N/A,Type of Elder Abuse,Sexual abuse,10
2020,N/A,Type of Elder Abuse,Others,0
2020,N/A,Type of Elder Abuse,Multiple abuse,33
2020,N/A,Type of Elder Abuse and Sex of Elderly Person Being Abused,Physical abuse - Male,143
2020,N/A,Type of Elder Abuse and Sex of Elderly Person Being Abused,Psychological abuse - Male,22
2020,N/A,Type of Elder Abuse and Sex of Elderly Person Being Abused,Neglect - Male,0
2020,N/A,Type of Elder Abuse and Sex of Elderly Person Being Abused,Financial abuse - Male,14
2020,N/A,Type of Elder Abuse and Sex of Elderly Person Being Abused,Abandonment - Male,0
2020,N/A,Type of Elder Abuse and Sex of Elderly Person Being Abused,Sexual abuse - Male,1
2020,N/A,Type of Elder Abuse and Sex of Elderly Person Being Abused,Others - Male,0
2020,N/A,Type of Elder Abuse and Sex of Elderly Person Being Abused,Multiple abuse - Male,12
2020,N/A,Type of Elder Abuse and Sex of Elderly Person Being Abused,Physical abuse - Female,188
2020,N/A,Type of Elder Abuse and Sex of Elderly Person Being Abused,Psychological abuse  - Female,27
2020,N/A,Type of Elder Abuse and Sex of Elderly Person Being Abused,Neglect - Female,0
2020,N/A,Type of Elder Abuse and Sex of Elderly Person Being Abused,Financial abuse - Female,32
2020,N/A,Type of Elder Abuse and Sex of Elderly Person Being Abused,Abandonment - Female,0
2020,N/A,Type of Elder Abuse and Sex of Elderly Person Being Abused,Sexual abuse - Female,9
2020,N/A,Type of Elder Abuse and Sex of Elderly Person Being Abused,Others - Female,0
2020,N/A,Type of Elder Abuse and Sex of Elderly Person Being Abused,Multiple abuse - Female,21
2020,N/A,Abuser's Relationship with Elderly Person Being Abused,Son,58
2020,N/A,Abuser's Relationship with Elderly Person Being Abused,Daughter,12
2020,N/A,Abuser's Relationship with Elderly Person Being Abused,Son-in-law,5
2020,N/A,Abuser's Relationship with Elderly Person Being Abused,Daughter-in-law,8
2020,N/A,Abuser's Relationship with Elderly Person Being Abused,Spouse/ intimate partner,290
2020,N/A,Abuser's Relationship with Elderly Person Being Abused,Grandchildren,3
2020,N/A,Abuser's Relationship with Elderly Person Being Abused,Relative,22
2020,N/A,Abuser's Relationship with Elderly Person Being Abused,Friend/ neighbour,20
2020,N/A,Abuser's Relationship with Elderly Person Being Abused,Not relative but living  together,5
2020,N/A,Abuser's Relationship with Elderly Person Being Abused,Domestic helper,37
2020,N/A,Abuser's Relationship with Elderly Person Being Abused,Staff of the agency  providing  services for  the elderly  person,4
2020,N/A,Abuser's Relationship with Elderly Person Being Abused,Others,5
2020,N/A,Residential District of Elderly Person Being Abused,Central and Western,13
2020,N/A,Residential District of Elderly Person Being Abused,Southern,10
2020,N/A,Residential District of Elderly Person Being Abused,Islands,4
2020,N/A,Residential District of Elderly Person Being Abused,Eastern,45
2020,N/A,Residential District of Elderly Person Being Abused,Wan Chai,6
2020,N/A,Residential District of Elderly Person Being Abused,Kowloon City,14
2020,N/A,Residential District of Elderly Person Being Abused,Yau Tsim Mong,12
2020,N/A,Residential District of Elderly Person Being Abused,Sham Shui Po,22
2020,N/A,Residential District of Elderly Person Being Abused,Wong Tai Sin,32
2020,N/A,Residential District of Elderly Person Being Abused,Sai Kung,21
2020,N/A,Residential District of Elderly Person Being Abused,Kwun Tong,47
2020,N/A,Residential District of Elderly Person Being Abused,Sha Tin,33
2020,N/A,Residential District of Elderly Person Being Abused,Tai Po,29
2020,N/A,Residential District of Elderly Person Being Abused,North,22
2020,N/A,Residential District of Elderly Person Being Abused,Yuen Long,46
2020,N/A,Residential District of Elderly Person Being Abused,Tsuen Wan,8
2020,N/A,Residential District of Elderly Person Being Abused,Kwai Tsing,70
2020,N/A,Residential District of Elderly Person Being Abused,Tuen Mun,34
2020,N/A,Residential District of Elderly Person Being Abused,Unknown,1
2021,Yes,Type of Elder Abuse,Physical abuse,265
2021,Yes,Type of Elder Abuse,Psychological abuse,33
2021,Yes,Type of Elder Abuse,Neglect,0
2021,Yes,Type of Elder Abuse,Financial abuse,31
2021,Yes,Type of Elder Abuse,Abandonment,0
2021,Yes,Type of Elder Abuse,Sexual abuse,11
2021,Yes,Type of Elder Abuse,Others,0
2021,Yes,Type of Elder Abuse,Multiple abuse,18
2021,No,Type of Elder Abuse,Physical abuse,59
2021,No,Type of Elder Abuse,Psychological abuse,13
2021,No,Type of Elder Abuse,Neglect,2
2021,No,Type of Elder Abuse,Financial abuse,0
2021,No,Type of Elder Abuse,Abandonment,1
2021,No,Type of Elder Abuse,Sexual abuse,2
2021,No,Type of Elder Abuse,Others,0
2021,No,Type of Elder Abuse,Multiple abuse,16
2021,Yes,Type of Elder Abuse and Sex of Elderly Person Being Abused,Physical abuse - Male,118
2021,Yes,Type of Elder Abuse and Sex of Elderly Person Being Abused,Psychological abuse - Male,17
2021,Yes,Type of Elder Abuse and Sex of Elderly Person Being Abused,Neglect - Male,0
2021,Yes,Type of Elder Abuse and Sex of Elderly Person Being Abused,Financial abuse - Male,10
2021,Yes,Type of Elder Abuse and Sex of Elderly Person Being Abused,Abandonment - Male,0
2021,Yes,Type of Elder Abuse and Sex of Elderly Person Being Abused,Sexual abuse - Male,3
2021,Yes,Type of Elder Abuse and Sex of Elderly Person Being Abused,Others - Male,0
2021,Yes,Type of Elder Abuse and Sex of Elderly Person Being Abused,Multiple abuse - Male,5
2021,Yes,Type of Elder Abuse and Sex of Elderly Person Being Abused,Physical abuse - Female,147
2021,Yes,Type of Elder Abuse and Sex of Elderly Person Being Abused,Psychological abuse  - Female,16
2021,Yes,Type of Elder Abuse and Sex of Elderly Person Being Abused,Neglect - Female,0
2021,Yes,Type of Elder Abuse and Sex of Elderly Person Being Abused,Financial abuse - Female,21
2021,Yes,Type of Elder Abuse and Sex of Elderly Person Being Abused,Abandonment - Female,0
2021,Yes,Type of Elder Abuse and Sex of Elderly Person Being Abused,Sexual abuse - Female,8
2021,Yes,Type of Elder Abuse and Sex of Elderly Person Being Abused,Others - Female,0
2021,Yes,Type of Elder Abuse and Sex of Elderly Person Being Abused,Multiple abuse - Female,13
2021,No,Type of Elder Abuse and Sex of Elderly Person Being Abused,Physical abuse - Male,24
2021,No,Type of Elder Abuse and Sex of Elderly Person Being Abused,Psychological abuse - Male,2
2021,No,Type of Elder Abuse and Sex of Elderly Person Being Abused,Neglect - Male,1
2021,No,Type of Elder Abuse and Sex of Elderly Person Being Abused,Financial abuse - Male,0
2021,No,Type of Elder Abuse and Sex of Elderly Person Being Abused,Abandonment - Male,1
2021,No,Type of Elder Abuse and Sex of Elderly Person Being Abused,Sexual abuse - Male,0
2021,No,Type of Elder Abuse and Sex of Elderly Person Being Abused,Others - Male,0
2021,No,Type of Elder Abuse and Sex of Elderly Person Being Abused,Multiple abuse - Male,4
2021,No,Type of Elder Abuse and Sex of Elderly Person Being Abused,Physical abuse - Female,35
2021,No,Type of Elder Abuse and Sex of Elderly Person Being Abused,Psychological abuse  - Female,11
2021,No,Type of Elder Abuse and Sex of Elderly Person Being Abused,Neglect - Female,1
2021,No,Type of Elder Abuse and Sex of Elderly Person Being Abused,Financial abuse - Female,0
2021,No,Type of Elder Abuse and Sex of Elderly Person Being Abused,Abandonment - Female,0
2021,No,Type of Elder Abuse and Sex of Elderly Person Being Abused,Sexual abuse - Female,2
2021,No,Type of Elder Abuse and Sex of Elderly Person Being Abused,Others - Female,0
2021,No,Type of Elder Abuse and Sex of Elderly Person Being Abused,Multiple abuse - Female,12
2021,Yes,Abuser's Relationship with Elderly Person Being Abused,Son,44
2021,Yes,Abuser's Relationship with Elderly Person Being Abused,Daughter,16
2021,Yes,Abuser's Relationship with Elderly Person Being Abused,Son-in-law,3
2021,Yes,Abuser's Relationship with Elderly Person Being Abused,Daughter-in-law,3
2021,Yes,Abuser's Relationship with Elderly Person Being Abused,Spouse/ intimate partner,233
2021,Yes,Abuser's Relationship with Elderly Person Being Abused,Grandchildren,4
2021,Yes,Abuser's Relationship with Elderly Person Being Abused,Relative,13
2021,Yes,Abuser's Relationship with Elderly Person Being Abused,Friend/ neighbour,10
2021,Yes,Abuser's Relationship with Elderly Person Being Abused,Not relative but living  together,0
2021,Yes,Abuser's Relationship with Elderly Person Being Abused,Domestic helper,22
2021,Yes,Abuser's Relationship with Elderly Person Being Abused,Staff of the agency  providing  services for  the elderly  person,2
2021,Yes,Abuser's Relationship with Elderly Person Being Abused,Others,8
2021,No,Abuser's Relationship with Elderly Person Being Abused,Son,14
2021,No,Abuser's Relationship with Elderly Person Being Abused,Daughter,4
2021,No,Abuser's Relationship with Elderly Person Being Abused,Son-in-law,1
2021,No,Abuser's Relationship with Elderly Person Being Abused,Daughter-in-law,1
2021,No,Abuser's Relationship with Elderly Person Being Abused,Spouse/ intimate partner,69
2021,No,Abuser's Relationship with Elderly Person Being Abused,Grandchildren,1
2021,No,Abuser's Relationship with Elderly Person Being Abused,Relative,1
2021,No,Abuser's Relationship with Elderly Person Being Abused,Friend/ neighbour,0
2021,No,Abuser's Relationship with Elderly Person Being Abused,Not relative but living  together,0
2021,No,Abuser's Relationship with Elderly Person Being Abused,Domestic helper,1
2021,No,Abuser's Relationship with Elderly Person Being Abused,Staff of the agency  providing  services for  the elderly  person,0
2021,No,Abuser's Relationship with Elderly Person Being Abused,Others,1
2021,Yes,Residential District of Elderly Person Being Abused,Central and Western,9
2021,Yes,Residential District of Elderly Person Being Abused,Southern,6
2021,Yes,Residential District of Elderly Person Being Abused,Islands,4
2021,Yes,Residential District of Elderly Person Being Abused,Eastern,33
2021,Yes,Residential District of Elderly Person Being Abused,Wan Chai,8
2021,Yes,Residential District of Elderly Person Being Abused,Kowloon City,19
2021,Yes,Residential District of Elderly Person Being Abused,Yau Tsim Mong,8
2021,Yes,Residential District of Elderly Person Being Abused,Sham Shui Po,13
2021,Yes,Residential District of Elderly Person Being Abused,Wong Tai Sin,9
2021,Yes,Residential District of Elderly Person Being Abused,Sai Kung,21
2021,Yes,Residential District of Elderly Person Being Abused,Kwun Tong,38
2021,Yes,Residential District of Elderly Person Being Abused,Sha Tin,40
2021,Yes,Residential District of Elderly Person Being Abused,Tai Po,20
2021,Yes,Residential District of Elderly Person Being Abused,North,18
2021,Yes,Residential District of Elderly Person Being Abused,Yuen Long,36
2021,Yes,Residential District of Elderly Person Being Abused,Tsuen Wan,12
2021,Yes,Residential District of Elderly Person Being Abused,Kwai Tsing,32
2021,Yes,Residential District of Elderly Person Being Abused,Tuen Mun,32
2021,Yes,Residential District of Elderly Person Being Abused,Unknown,0
2021,No,Residential District of Elderly Person Being Abused,Central and Western,0
2021,No,Residential District of Elderly Person Being Abused,Southern,3
2021,No,Residential District of Elderly Person Being Abused,Islands,0
2021,No,Residential District of Elderly Person Being Abused,Eastern,6
2021,No,Residential District of Elderly Person Being Abused,Wan Chai,0
2021,No,Residential District of Elderly Person Being Abused,Kowloon City,4
2021,No,Residential District of Elderly Person Being Abused,Yau Tsim Mong,3
2021,No,Residential District of Elderly Person Being Abused,Sham Shui Po,6
2021,No,Residential District of Elderly Person Being Abused,Wong Tai Sin,3
2021,No,Residential District of Elderly Person Being Abused,Sai Kung,6
2021,No,Residential District of Elderly Person Being Abused,Kwun Tong,16
2021,No,Residential District of Elderly Person Being Abused,Sha Tin,7
2021,No,Residential District of Elderly Person Being Abused,Tai Po,3
2021,No,Residential District of Elderly Person Being Abused,North,8
2021,No,Residential District of Elderly Person Being Abused,Yuen Long,9
2021,No,Residential District of Elderly Person Being Abused,Tsuen Wan,6
2021,No,Residential District of Elderly Person Being Abused,Kwai Tsing,7
2021,No,Residential District of Elderly Person Being Abused,Tuen Mun,6
2021,No,Residential District of Elderly Person Being Abused,Unknown,0
2022,Yes,Type of Elder Abuse,Physical abuse,190
2022,Yes,Type of Elder Abuse,Psychological abuse,31
2022,Yes,Type of Elder Abuse,Neglect,0
2022,Yes,Type of Elder Abuse,Financial abuse,10
2022,Yes,Type of Elder Abuse,Abandonment,0
2022,Yes,Type of Elder Abuse,Sexual abuse,5
2022,Yes,Type of Elder Abuse,Others,0
2022,Yes,Type of Elder Abuse,Multiple abuse,26
2022,No,Type of Elder Abuse,Physical abuse,56
2022,No,Type of Elder Abuse,Psychological abuse,12
2022,No,Type of Elder Abuse,Neglect,0
2022,No,Type of Elder Abuse,Financial abuse,0
2022,No,Type of Elder Abuse,Abandonment,0
2022,No,Type of Elder Abuse,Sexual abuse,2
2022,No,Type of Elder Abuse,Others,0
2022,No,Type of Elder Abuse,Multiple abuse,8
2022,Yes,Type of Elder Abuse and Sex of Elderly Person Being Abused,Physical abuse - Male,82
2022,Yes,Type of Elder Abuse and Sex of Elderly Person Being Abused,Psychological abuse - Male,9
2022,Yes,Type of Elder Abuse and Sex of Elderly Person Being Abused,Neglect - Male,0
2022,Yes,Type of Elder Abuse and Sex of Elderly Person Being Abused,Financial abuse - Male,4
2022,Yes,Type of Elder Abuse and Sex of Elderly Person Being Abused,Abandonment - Male,0
2022,Yes,Type of Elder Abuse and Sex of Elderly Person Being Abused,Sexual abuse - Male,0
2022,Yes,Type of Elder Abuse and Sex of Elderly Person Being Abused,Others - Male,0
2022,Yes,Type of Elder Abuse and Sex of Elderly Person Being Abused,Multiple abuse - Male,5
2022,Yes,Type of Elder Abuse and Sex of Elderly Person Being Abused,Physical abuse - Female,108
2022,Yes,Type of Elder Abuse and Sex of Elderly Person Being Abused,Psychological abuse  - Female,22
2022,Yes,Type of Elder Abuse and Sex of Elderly Person Being Abused,Neglect - Female,0
2022,Yes,Type of Elder Abuse and Sex of Elderly Person Being Abused,Financial abuse - Female,6
2022,Yes,Type of Elder Abuse and Sex of Elderly Person Being Abused,Abandonment - Female,0
2022,Yes,Type of Elder Abuse and Sex of Elderly Person Being Abused,Sexual abuse - Female,5
2022,Yes,Type of Elder Abuse and Sex of Elderly Person Being Abused,Others - Female,0
2022,Yes,Type of Elder Abuse and Sex of Elderly Person Being Abused,Multiple abuse - Female,21
2022,No,Type of Elder Abuse and Sex of Elderly Person Being Abused,Physical abuse - Male,12
2022,No,Type of Elder Abuse and Sex of Elderly Person Being Abused,Psychological abuse - Male,3
2022,No,Type of Elder Abuse and Sex of Elderly Person Being Abused,Neglect - Male,0
2022,No,Type of Elder Abuse and Sex of Elderly Person Being Abused,Financial abuse - Male,0
2022,No,Type of Elder Abuse and Sex of Elderly Person Being Abused,Abandonment - Male,0
2022,No,Type of Elder Abuse and Sex of Elderly Person Being Abused,Sexual abuse - Male,0
2022,No,Type of Elder Abuse and Sex of Elderly Person Being Abused,Others - Male,0
2022,No,Type of Elder Abuse and Sex of Elderly Person Being Abused,Multiple abuse - Male,1
2022,No,Type of Elder Abuse and Sex of Elderly Person Being Abused,Physical abuse - Female,44
2022,No,Type of Elder Abuse and Sex of Elderly Person Being Abused,Psychological abuse  - Female,9
2022,No,Type of Elder Abuse and Sex of Elderly Person Being Abused,Neglect - Female,0
2022,No,Type of Elder Abuse and Sex of Elderly Person Being Abused,Financial abuse - Female,0
2022,No,Type of Elder Abuse and Sex of Elderly Person Being Abused,Abandonment - Female,0
2022,No,Type of Elder Abuse and Sex of Elderly Person Being Abused,Sexual abuse - Female,2
2022,No,Type of Elder Abuse and Sex of Elderly Person Being Abused,Others - Female,0
2022,No,Type of Elder Abuse and Sex of Elderly Person Being Abused,Multiple abuse - Female,7
2022,Yes,Abuser's Relationship with Elderly Person Being Abused,Son,31
2022,Yes,Abuser's Relationship with Elderly Person Being Abused,Daughter,8
2022,Yes,Abuser's Relationship with Elderly Person Being Abused,Son-in-law,2
2022,Yes,Abuser's Relationship with Elderly Person Being Abused,Daughter-in-law,4
2022,Yes,Abuser's Relationship with Elderly Person Being Abused,Spouse/ intimate partner,201
2022,Yes,Abuser's Relationship with Elderly Person Being Abused,Grandchildren,1
2022,Yes,Abuser's Relationship with Elderly Person Being Abused,Relative,1
2022,Yes,Abuser's Relationship with Elderly Person Being Abused,Friend/ neighbour,2
2022,Yes,Abuser's Relationship with Elderly Person Being Abused,Not relative but living  together,1
2022,Yes,Abuser's Relationship with Elderly Person Being Abused,Domestic helper,4
2022,Yes,Abuser's Relationship with Elderly Person Being Abused,Staff of the agency  providing  services for  the elderly  person,5
2022,Yes,Abuser's Relationship with Elderly Person Being Abused,Others,2
2022,No,Abuser's Relationship with Elderly Person Being Abused,Son,9
2022,No,Abuser's Relationship with Elderly Person Being Abused,Daughter,4
2022,No,Abuser's Relationship with Elderly Person Being Abused,Son-in-law,1
2022,No,Abuser's Relationship with Elderly Person Being Abused,Daughter-in-law,2
2022,No,Abuser's Relationship with Elderly Person Being Abused,Spouse/ intimate partner,61
2022,No,Abuser's Relationship with Elderly Person Being Abused,Grandchildren,0
2022,No,Abuser's Relationship with Elderly Person Being Abused,Relative,0
2022,No,Abuser's Relationship with Elderly Person Being Abused,Friend/ neighbour,1
2022,No,Abuser's Relationship with Elderly Person Being Abused,Not relative but living  together,0
2022,No,Abuser's Relationship with Elderly Person Being Abused,Domestic helper,0
2022,No,Abuser's Relationship with Elderly Person Being Abused,Staff of the agency  providing  services for  the elderly  person,0
2022,No,Abuser's Relationship with Elderly Person Being Abused,Others,0
2022,Yes,Residential District of Elderly Person Being Abused,Central and Western,1
2022,Yes,Residential District of Elderly Person Being Abused,Southern,10
2022,Yes,Residential District of Elderly Person Being Abused,Islands,7
2022,Yes,Residential District of Elderly Person Being Abused,Eastern,13
2022,Yes,Residential District of Elderly Person Being Abused,Wan Chai,1
2022,Yes,Residential District of Elderly Person Being Abused,Kowloon City,8
2022,Yes,Residential District of Elderly Person Being Abused,Yau Tsim Mong,7
2022,Yes,Residential District of Elderly Person Being Abused,Sham Shui Po,21
2022,Yes,Residential District of Elderly Person Being Abused,Wong Tai Sin,37
2022,Yes,Residential District of Elderly Person Being Abused,Sai Kung,8
2022,Yes,Residential District of Elderly Person Being Abused,Kwun Tong,28
2022,Yes,Residential District of Elderly Person Being Abused,Sha Tin,17
2022,Yes,Residential District of Elderly Person Being Abused,Tai Po,13
2022,Yes,Residential District of Elderly Person Being Abused,North,17
2022,Yes,Residential District of Elderly Person Being Abused,Yuen Long,22
2022,Yes,Residential District of Elderly Person Being Abused,Tsuen Wan,3
2022,Yes,Residential District of Elderly Person Being Abused,Kwai Tsing,20
2022,Yes,Residential District of Elderly Person Being Abused,Tuen Mun,29
2022,Yes,Residential District of Elderly Person Being Abused,Unknown,0
2022,No,Residential District of Elderly Person Being Abused,Central and Western,1
2022,No,Residential District of Elderly Person Being Abused,Southern,3
2022,No,Residential District of Elderly Person Being Abused,Islands,1
2022,No,Residential District of Elderly Person Being Abused,Eastern,7
2022,No,Residential District of Elderly Person Being Abused,Wan Chai,2
2022,No,Residential District of Elderly Person Being Abused,Kowloon City,0
2022,No,Residential District of Elderly Person Being Abused,Yau Tsim Mong,1
2022,No,Residential District of Elderly Person Being Abused,Sham Shui Po,4
2022,No,Residential District of Elderly Person Being Abused,Wong Tai Sin,6
2022,No,Residential District of Elderly Person Being Abused,Sai Kung,5
2022,No,Residential District of Elderly Person Being Abused,Kwun Tong,5
2022,No,Residential District of Elderly Person Being Abused,Sha Tin,13
2022,No,Residential District of Elderly Person Being Abused,Tai Po,1
2022,No,Residential District of Elderly Person Being Abused,North,6
2022,No,Residential District of Elderly Person Being Abused,Yuen Long,10
2022,No,Residential District of Elderly Person Being Abused,Tsuen Wan,1
2022,No,Residential District of Elderly Person Being Abused,Kwai Tsing,5
2022,No,Residential District of Elderly Person Being Abused,Tuen Mun,7
2022,No,Residential District of Elderly Person Being Abused,Unknown,0
